1767225600,12.18141,12.25232,12.18141,12.19375,35281.8535
1767240000,12.1947,12.25952,12.13096,12.1609,30032.4804
1767254400,12.16085,12.27938,12.15916,12.25968,9582.4318
1767268800,12.27884,12.42518,12.22691,12.37442,20166.1688
1767283200,12.37988,12.49993,12.31498,12.49993,15991.6051
1767297600,12.50168,12.60982,12.45828,12.59119,41421.7554
1767312000,12.60982,12.91296,12.57475,12.90083,45853.1161
1767326400,12.92943,12.95951,12.82381,12.82381,27525.1679
1767340800,12.83016,13.12796,12.8287,12.92899,54433.5291
1767355200,12.92825,13.16959,12.82118,13.06989,43981.2762
1767369600,13.06657,13.33696,13.04253,13.27178,106616.9018
1767384000,13.27288,13.42029,13.21542,13.26344,36078.6222
1767398400,13.26341,13.35882,13.2204,13.31027,23134.1762
1767412800,13.30644,13.30851,12.96701,13.01274,35820.808
1767427200,13.01186,13.1542,12.99717,13.07328,65501.7806
1767441600,13.06128,13.17302,13.04618,13.05659,26137.0023
1767456000,13.06455,13.20957,13.06455,13.16521,15513.1613
1767470400,13.16775,13.24861,13.10939,13.22673,13081.9069
1767484800,13.22203,13.37423,13.20741,13.35784,24124.1455
1767499200,13.35131,13.45102,13.27,13.34175,23766.3463
1767513600,13.3412,13.43653,13.26284,13.42047,27850.3851
1767528000,13.43509,13.54999,13.36857,13.48742,36248.9185
1767542400,13.48798,13.56613,13.30729,13.38176,45157.9043
1767556800,13.3823,13.4914,13.35324,13.42066,17073.8942
1767571200,13.41992,13.865,13.41992,13.6666,53093.9676
1767585600,13.67911,13.67911,13.40499,13.57459,33548.0121
1767600000,13.57063,13.61257,13.43818,13.58506,21077.1784
1767614400,13.58679,13.73195,13.37716,13.71483,56863.2819
1767628800,13.71608,13.87286,13.55,13.77499,61478.87
1767643200,13.76791,14.12183,13.75447,13.90898,98410.249
1767657600,13.91721,13.95551,13.58,13.79142,88587.0536
1767672000,13.79366,13.97159,13.67478,13.71446,41113.2718
1767686400,13.71912,13.89993,13.70358,13.8847,10407.4081
1767700800,13.89479,14.23258,13.8274,13.98927,81180.5173
1767715200,13.99596,14.014,13.46965,13.62771,77819.4142
1767729600,13.62771,14.05534,13.6277,14.04453,35802.5436
1767744000,14.02662,14.032,13.68111,13.80374,32133.859
1767758400,13.81192,13.86648,13.69715,13.85172,16271.5208
1767772800,13.86111,13.92846,13.57578,13.684,22996.9513
1767787200,13.6737,13.7124,13.29001,13.35474,82360.0649
1767801600,13.35968,13.48848,13.29626,13.38936,84066.075
1767816000,13.38937,13.4555,13.29157,13.43293,28789.8006
1767830400,13.43156,13.53746,13.3121,13.32547,17878.6755
1767844800,13.33013,13.45644,13.05849,13.29909,36539.5146
1767859200,13.29917,13.33697,13.08182,13.22093,25759.0719
1767873600,13.20674,13.28698,13.01736,13.28698,36636.5104
1767888000,13.28822,13.32484,13.14528,13.17703,25211.9384
1767902400,13.18107,13.32021,13.0859,13.21001,24109.115
1767916800,13.21001,13.35,13.16107,13.29673,18523.0358
1767931200,13.3,13.30551,13.17423,13.25609,16836.1292
1767945600,13.25528,13.27025,13.05652,13.16336,18270.0508
1767960000,13.16471,13.4115,13.02877,13.2699,34738.5291
1767974400,13.27389,13.42,13.05233,13.08004,37045.475
1767988800,13.08265,13.16755,13.06399,13.12563,21937.3082
1768003200,13.1232,13.15261,13.05328,13.11259,25943.8671
1768017600,13.1121,13.16013,13.05878,13.14446,10733.1213
1768032000,13.14955,13.20351,13.09199,13.15161,8973.8293
1768046400,13.15538,13.22987,13.12577,13.14532,5031.0718
1768060800,13.14744,13.20003,13.11021,13.18752,5701.0332
1768075200,13.19799,13.22226,13.07733,13.11735,28390.7861
1768089600,13.12117,13.22973,13.096,13.21797,6781.0058
1768104000,13.21776,13.25725,13.16575,13.22336,27118.5453
1768118400,13.22225,13.22399,13.17743,13.18629,7238.7183
1768132800,13.19231,13.2693,13.12673,13.18869,22001.3359
1768147200,13.18869,13.34634,13.18323,13.24984,29656.3271
1768161600,13.2386,13.2386,13.02244,13.18282,55701.6284
1768176000,13.18931,13.4979,13.09963,13.34235,48158.0651
1768190400,13.34944,13.43229,13.23601,13.26093,24476.8782
1768204800,13.24846,13.30596,13.1,13.17145,34165.1788
1768219200,13.15512,13.24152,12.91857,13.23716,61726.5703
1768233600,13.23398,13.31346,13.08951,13.18289,68841.7745
1768248000,13.1742,13.22474,12.98974,13.07155,24008.3525
1768262400,13.06142,13.14233,13.04614,13.09832,23351.6663
1768276800,13.09776,13.2709,13.09776,13.17796,26378.262
1768291200,13.18271,13.29576,13.18271,13.25402,15161.0072
1768305600,13.25136,13.56065,13.22739,13.5478,113248.3622
1768320000,13.56285,13.69148,13.53203,13.68015,51543.0089
1768334400,13.686,14.16492,13.676,14.04744,96700.5381
1768348800,14.05226,14.17616,14.01345,14.12592,44704.3503
1768363200,14.12188,14.14816,13.94073,14.04735,28393.9602
1768377600,14.04824,14.10803,13.84094,13.8658,46493.5978
1768392000,13.86422,14.31468,13.86418,14.23561,102113.1755
1768406400,14.23662,14.39291,14.05079,14.21851,88048.6749
1768420800,14.22648,14.30958,14.0825,14.10666,32457.994
1768435200,14.11583,14.11583,13.72821,13.75655,60730.4645
1768449600,13.75397,13.94891,13.74894,13.91751,17077.623
1768464000,13.92466,14.08006,13.85747,13.95352,45434.71
1768478400,13.94872,14.2007,13.73682,13.9511,51212.7371
1768492800,13.95663,13.99127,13.58447,13.67648,51454.9918
1768507200,13.68272,13.78999,13.56455,13.78999,28238.1668
1768521600,13.78999,13.85977,13.67279,13.68231,21188.9885
1768536000,13.68083,13.81167,13.60336,13.79149,18509.7057
1768550400,13.78955,13.85475,13.6889,13.7259,22491.5596
1768564800,13.72979,13.77917,13.43778,13.49085,32806.9647
1768579200,13.48657,13.65581,13.46,13.58792,28430.181
1768593600,13.5899,13.73645,13.51605,13.72288,27112.4036
1768608000,13.72006,13.73855,13.62521,13.67999,5643.3028
1768622400,13.66996,13.73172,13.65046,13.69461,6284.9321
1768636800,13.69461,13.76937,13.67181,13.69449,7957.3541
1768651200,13.69753,13.88596,13.69068,13.88175,29621.3995
1768665600,13.88118,13.88518,13.75856,13.78246,11636.0173
1768680000,13.78294,13.80852,13.66061,13.73638,39976.5268
1768694400,13.73273,13.76778,13.62586,13.69264,7101.9966
1768708800,13.69939,13.75399,13.67176,13.72961,5682.4496
1768723200,13.72729,13.81202,13.70999,13.71,15929.7804
1768737600,13.72294,13.81554,13.69683,13.76683,13742.3406
1768752000,13.77122,13.86648,13.74079,13.77386,35139.6797
1768766400,13.77206,13.85509,13.29683,13.30833,41908.6698
1768780800,13.30001,13.30001,12.43,12.86443,162176.692
1768795200,12.86,12.86,12.72,12.75514,68887.9593
1768809600,12.76484,12.84684,12.74509,12.77034,52132.5207
1768824000,12.76885,12.8556,12.72801,12.76243,17838.3135
1768838400,12.76478,12.95761,12.76179,12.93044,29481.5731
1768852800,12.93219,12.98868,12.76793,12.87677,30622.9016
1768867200,12.87669,12.89284,12.79406,12.85407,19294.9106
1768881600,12.85316,12.85506,12.59495,12.59861,51355.4826
1768896000,12.60304,12.60937,12.46575,12.50245,45365.7401
1768910400,12.50171,12.593,12.33784,12.423,63620.1642
1768924800,12.42317,12.45656,12.17299,12.25649,61059.3056
1768939200,12.2638,12.33409,12.01243,12.11608,49858.6988
1768953600,12.11293,12.336,12.08828,12.30213,36190.6053
1768968000,12.30019,12.45259,12.28,12.30351,20591.253
1768982400,12.30237,12.32363,12.16273,12.16323,27486.4432
1768996800,12.1658,12.52571,12.05712,12.43157,37739.5729
1769011200,12.43151,12.60677,11.89316,12.59851,105306.7683
1769025600,12.59851,12.65,12.36001,12.39037,49522.2007
1769040000,12.40297,12.56472,12.39691,12.43371,15232.0561
1769054400,12.4297,12.50891,12.39847,12.41558,29443.7573
1769068800,12.41689,12.48008,12.36731,12.38164,31457.1965
1769083200,12.36974,12.45816,12.11399,12.21943,44122.2463
1769097600,12.21947,12.31069,12.18704,12.27454,35487.4557
1769112000,12.27505,12.29147,12.18457,12.24749,14783.399
1769126400,12.24597,12.34237,12.21694,12.31684,10668.757
1769140800,12.3207,12.3845,12.23851,12.27037,12864.6644
1769155200,12.26001,12.27223,12.15875,12.2355,10071.8685
1769169600,12.24385,12.26294,12.03222,12.24098,37027.3917
1769184000,12.24187,12.48603,12.19668,12.23181,27159.7301
1769198400,12.2332,12.25564,12.11214,12.20506,24385.5751
1769212800,12.21048,12.25928,12.17129,12.23783,9419.2209
1769227200,12.23681,12.26782,12.19001,12.19001,5713.4159
1769241600,12.19013,12.22081,12.17692,12.19448,10543.71
1769256000,12.19448,12.21267,12.13589,12.13624,9739.8906
1769270400,12.13624,12.21122,12.11702,12.16574,27749.1994
1769284800,12.16473,12.23864,12.16404,12.18574,8124.6239
1769299200,12.18573,12.19735,12.05441,12.06001,16341.6808
1769313600,12.06123,12.10551,12.0362,12.06153,10803.8397
1769328000,12.06962,12.11278,11.99111,12.04633,20443.7387
1769342400,12.06065,12.09112,11.93105,11.95093,28375.0075
1769356800,11.95093,11.95093,11.38001,11.42058,167149.3341
1769371200,11.42296,11.52359,11.34919,11.51007,64218.3394
1769385600,11.51255,11.84336,11.5,11.68224,84868.1941
1769400000,11.68599,11.86075,11.68599,11.84787,25751.3245
1769414400,11.85807,11.9253,11.76,11.79324,26248.8147
1769428800,11.8021,12.11029,11.79755,11.90805,67496.2967
1769443200,11.90756,12.00774,11.81777,11.918,33484.1655
1769457600,11.92,12.01598,11.86,11.9345,26783.9381
1769472000,11.93537,12.04165,11.91414,11.97145,25326.9413
1769486400,11.97738,12.033,11.92913,11.96106,21464.4177
1769500800,11.96875,11.99,11.86166,11.88629,25843.2686
1769515200,11.8856,11.9933,11.82835,11.9761,43042.9778
1769529600,11.9761,12.1711,11.84463,11.95881,81974.8675
1769544000,11.9588,12.13417,11.95821,12.0321,57829.8702
1769558400,12.03136,12.04206,11.9492,11.97029,26144.0113
1769572800,11.96103,11.97938,11.88,11.91749,10539.1887
1769587200,11.92438,12.02949,11.85,12.02949,15287.0172
1769601600,12.01695,12.01695,11.6934,11.74906,40455.6688
1769616000,11.74997,11.8833,11.68088,11.84599,50352.3258
1769630400,11.83006,11.92178,11.7403,11.8274,16804.5356
1769644800,11.83889,11.84109,11.6,11.63055,59637.4384
1769659200,11.62536,11.63611,11.53485,11.61159,17653.3945
1769673600,11.61396,11.63889,11.5042,11.52698,16570.2439
1769688000,11.53633,11.59202,10.85404,11.01751,140511.0674
1769702400,11.01751,11.18402,10.81563,10.92869,163690.0328
1769716800,10.93132,11.11821,10.91588,11.108,66399.4807
1769731200,11.1057,11.14412,10.61684,10.84803,115811.1774
1769745600,10.84981,10.96819,10.64633,10.82001,29721.8003
1769760000,10.82048,10.87839,10.71823,10.8399,38918.4673
1769774400,10.8479,10.85285,10.59045,10.75712,79781.5083
1769788800,10.75542,10.97356,10.48709,10.88439,100772.3095
1769803200,10.8908,10.8908,10.6874,10.76472,160901.3853
1769817600,10.76812,10.80741,10.71231,10.72698,15044.4685
1769832000,10.73608,10.76773,10.5436,10.59794,23116.2579
1769846400,10.59794,10.60928,10.35994,10.47583,63511.5119
1769860800,10.48304,10.48798,9.9124,10.0332,182328.8958
1769875200,10.03318,10.14742,8.97435,9.6642,416970.9118
1769889600,9.65547,10.02011,9.55194,9.98502,131353.6244
1769904000,9.97594,10.06146,9.90782,10.02511,58556.4805
1769918400,10.03485,10.0632,9.86149,9.92791,45255.5636
1769932800,9.92952,10.0064,9.76438,9.85404,47670.952
1769947200,9.86597,9.89116,9.40372,9.54428,93288.5471
1769961600,9.5276,9.70582,9.4,9.51853,89662.4982
1769976000,9.5205,9.64249,9.21109,9.39292,79817.2506
1769990400,9.39606,9.62172,9.01713,9.36455,107958.1416
1770004800,9.36868,9.47075,9.06588,9.38646,137967.1618
1770019200,9.38945,9.63495,9.37186,9.51704,64681.7115
1770033600,9.52854,10.02162,9.52854,9.92041,123058.1101
1770048000,9.92707,9.9885,9.76932,9.79144,66687.7333
1770062400,9.78637,9.85,9.70014,9.79084,54087.6294
1770076800,9.79911,9.82921,9.58567,9.76938,41119.1374
1770091200,9.76551,9.84416,9.64847,9.72594,36790.7027
1770105600,9.72713,9.73639,9.51821,9.58634,68364.5666
1770120000,9.577,9.75028,9.48119,9.74021,127890.9689
1770134400,9.74012,9.74012,9.07622,9.47142,186230.0939
1770148800,9.46086,9.87526,9.384,9.47121,113610.4834
1770163200,9.46968,9.75543,9.44402,9.73,48691.3706
1770177600,9.71379,9.73732,9.57443,9.663,18350.5884
1770192000,9.66336,9.71129,9.47445,9.58,45502.3629
1770206400,9.57701,9.59402,9.12589,9.19989,75148.1998
1770220800,9.20483,9.42101,9.0123,9.42101,183301.4127
1770235200,9.42815,9.441,9.03129,9.23608,122548.1438
1770249600,9.23501,9.32321,9.05703,9.07726,67584.6903
1770264000,9.0775,9.19123,8.95332,9.02701,76187.5152
1770278400,9.03591,9.22495,8.79094,8.92147,68043.2253
1770292800,8.91904,9.04758,8.298,8.45417,218468.2222
1770307200,8.4556,8.64981,8.21145,8.23984,167174.3319
1770321600,8.23845,8.30777,7.8461,7.90436,213420.4879
1770336000,7.89949,8.21784,7.19,8.02365,253446.7174
1770350400,8.02365,8.3577,7.99984,8.07626,77711.0033
1770364800,8.06645,8.34205,7.98435,8.314,104694.0886
1770379200,8.31621,8.61897,8.2601,8.58415,74368.3321
1770393600,8.58316,8.99557,8.55104,8.83809,178299.3484
1770408000,8.83066,8.99573,8.76682,8.88322,86449.5765
1770422400,8.86099,8.94739,8.79029,8.93048,63432.8116
1770436800,8.92155,9.03521,8.6,8.68825,72549.1488
1770451200,8.688,8.73056,8.5816,8.654,16918.2795
1770465600,8.64365,8.93739,8.64365,8.81849,47256.635
1770480000,8.81857,9.02705,8.78217,8.93313,212898.8588
1770494400,8.94099,9.01698,8.85274,8.91044,48558.3319
1770508800,8.90988,8.95858,8.82106,8.82169,19970.2094
1770523200,8.82,8.86633,8.78405,8.82382,9662.1575
1770537600,8.81701,9.01079,8.8,8.99382,17910.5441
1770552000,8.99383,9.04,8.84778,8.88523,30481.169
1770566400,8.88523,8.95975,8.72144,8.94935,25113.9747
1770580800,8.95638,9.00548,8.75,8.81718,23181.2123
1770595200,8.82414,8.8881,8.72562,8.88797,25568.2192
1770609600,8.8686,8.86947,8.71296,8.73726,8819.1286
1770624000,8.7312,8.74586,8.45778,8.55077,34345.6056
1770638400,8.55627,8.75006,8.52069,8.74884,78323.0302
1770652800,8.75021,8.98739,8.65806,8.96558,92374.1235
1770667200,8.95446,9.00529,8.79395,8.83643,41052.9991
1770681600,8.83343,8.87472,8.6459,8.68333,33985.6771
1770696000,8.68245,8.72095,8.47937,8.54871,38511.537
1770710400,8.53776,8.6127,8.49394,8.49394,15154.8544
1770724800,8.49918,8.66397,8.47937,8.57448,41973.0551
1770739200,8.57447,8.64952,8.47267,8.53528,21733.7152
1770753600,8.54507,8.57394,8.47937,8.56692,15494.9716
1770768000,8.56974,8.60658,8.45778,8.5347,64941.4903
1770782400,8.53157,8.53978,8.27459,8.3162,44490.7998
1770796800,8.31097,8.31422,8.19381,8.27237,16455.8608
1770811200,8.27309,8.56048,8.12356,8.23806,78757.5638
1770825600,8.23889,8.35891,8.14393,8.31083,74338.0085
1770840000,8.30157,8.44309,8.25414,8.31723,56203.4377
1770854400,8.31875,8.45536,8.31875,8.42208,31486.3926
1770868800,8.41737,8.50486,8.34976,8.4476,25155.4187
1770883200,8.45445,8.58596,8.39909,8.54518,23044.8973
1770897600,8.55401,8.56994,8.3472,8.35418,42319.806
1770912000,8.35418,8.40981,8.17251,8.29821,47907.0208
1770926400,8.29996,8.41788,8.21767,8.40537,56172.4096
1770940800,8.40662,8.44103,8.34744,8.41406,10077.5408
1770955200,8.42002,8.42002,8.29518,8.37472,9288.398
1770969600,8.37249,8.46248,8.37157,8.43045,11696.6554
1770984000,8.4279,8.81612,8.3936,8.69886,82563.6499
1770998400,8.7015,8.90033,8.69983,8.7998,85141.9403
1771012800,8.79777,8.85859,8.75792,8.76497,19427.182
1771027200,8.76239,8.885,8.75745,8.84059,111060.9134
1771041600,8.84331,8.89278,8.79954,8.87792,16027.4975
1771056000,8.88118,9.03716,8.88118,9.03245,32415.6011
1771070400,9.02701,9.04041,8.90547,9.03849,26155.7571
1771084800,9.03838,9.18156,8.96959,9.16764,71664.6341
1771099200,9.16734,9.19696,9.07642,9.08691,28491.9151
1771113600,9.08933,9.11907,8.93352,9.06366,101986.9727
1771128000,9.06513,9.23836,9.06513,9.2022,56670.8423
1771142400,9.20829,9.23962,9.03621,9.04561,29106.5908
1771156800,9.04972,9.06075,8.75009,8.86512,97165.8339
1771171200,8.86536,8.87772,8.58789,8.63945,77228.236
1771185600,8.63558,8.78489,8.60387,8.78305,24843.0302
1771200000,8.78165,8.84702,8.70294,8.74904,16134.7835
1771214400,8.74797,8.81263,8.66877,8.76547,25627.4476
1771228800,8.76113,8.88201,8.69887,8.79435,12354.5363
1771243200,8.7877,8.98578,8.64136,8.71065,36938.3975
1771257600,8.70753,8.82382,8.70633,8.7899,13534.12
1771272000,8.78138,8.95933,8.76001,8.9309,10805.7364
1771286400,8.93353,8.98882,8.85799,8.92095,12738.1122
1771300800,8.9145,8.9551,8.79331,8.86778,7997.1883
1771315200,8.86385,8.88298,8.72732,8.76108,11898.8519
1771329600,8.77173,8.90115,8.65557,8.77134,39272.4224
1771344000,8.77134,8.93975,8.6856,8.87533,56562.9887
1771358400,8.87783,8.89494,8.81864,8.82551,8972.2007
1771372800,8.82558,8.89659,8.74439,8.89324,8612.9083
1771387200,8.87148,8.92981,8.82845,8.91621,19103.8353
1771401600,8.91355,8.99551,8.76195,8.77394,12048.5584
1771416000,8.76465,8.89102,8.66645,8.79565,32937.4225
1771430400,8.80074,8.80074,8.52,8.57763,74586.8396
1771444800,8.56049,8.61054,8.52703,8.60188,17806.8552
1771459200,8.59143,8.68203,8.57075,8.66416,18836.4693
1771473600,8.67245,8.74243,8.62222,8.69517,20596.2821
1771488000,8.69365,8.69365,8.55722,8.56941,13891.2856
1771502400,8.56734,8.59995,8.3699,8.43925,42722.6883
1771516800,8.43877,8.54185,8.34578,8.50782,18257.9225
1771531200,8.50922,8.57343,8.48139,8.57281,13023.5214
1771545600,8.57388,8.64352,8.56434,8.60635,11420.0741
1771560000,8.60514,8.67309,8.52525,8.6459,7979.6935
1771574400,8.65214,8.7245,8.60631,8.63011,18526.6675
1771588800,8.62026,8.82823,8.45778,8.82774,71863.3085
1771603200,8.82801,8.96606,8.69669,8.89227,68230.947
1771617600,8.89776,9.00525,8.88768,8.94047,31671.1274
1771632000,8.94147,8.98116,8.85731,8.88538,10751.5092
1771646400,8.88535,8.9134,8.85657,8.8641,11885.4209
1771660800,8.86548,8.97892,8.86548,8.93655,9274.0007
1771675200,8.94326,9.04554,8.90328,8.93644,50024.9643
1771689600,8.93644,8.99271,8.848,8.93248,61284.1103
1771704000,8.92969,8.94431,8.87125,8.87537,12410.6547
1771718400,8.8725,8.89294,8.79869,8.84283,17401.8863
1771732800,8.83609,8.87195,8.80666,8.85498,9374.298
1771747200,8.85159,8.8658,8.79703,8.82414,4266.4954
1771761600,8.83999,8.83999,8.68767,8.70845,42617.8373
1771776000,8.70845,8.70934,8.58967,8.63866,60404.1075
1771790400,8.63833,8.7024,8.60372,8.67693,10993.9319
1771804800,8.67885,8.69015,8.17855,8.25728,79590.1666
1771819200,8.25728,8.37589,8.18296,8.3545,23829.7228
1771833600,8.35009,8.55934,8.32003,8.47093,7368.7458
1771848000,8.47182,8.57394,8.40001,8.42437,98801.0065
1771862400,8.41751,8.45019,8.18432,8.23208,70569.5813
1771876800,8.23359,8.33941,8.20763,8.2636,24251.7984
1771891200,8.27097,8.33223,8.1154,8.20488,27963.0523
1771905600,8.20991,8.22496,8.12125,8.1521,30891.7829
1771920000,8.15039,8.19728,8.10838,8.16815,37471.1328
1771934400,8.16706,8.2231,8.058,8.21378,41576.8208
1771948800,8.21717,8.27249,8.18083,8.23366,25787.4618
1771963200,8.23348,8.26242,8.16854,8.20089,50904.1174
1771977600,8.19947,8.62941,8.18327,8.50269,49681.9078
1771992000,8.50202,8.5487,8.35931,8.47878,35384.2667
1772006400,8.47711,8.65865,8.44,8.6566,13841.5532
1772020800,8.65659,9.32591,8.63948,9.27832,147240.7192
1772035200,9.27909,9.50074,9.27909,9.4732,119096.4501
1772049600,9.47744,9.57937,9.19,9.26,112835.018
1772064000,9.26643,9.33079,9.15248,9.23,53515.7881
1772078400,9.22143,9.33965,9.19796,9.21155,28267.0147
1772092800,9.21264,9.31551,9.18226,9.21094,30847.433
1772107200,9.22016,9.30957,9.02861,9.12532,75750.484
1772121600,9.11859,9.142,8.86403,9.10756,143330.1989
1772136000,9.0998,9.14246,9.04564,9.09366,37078.1139
1772150400,9.09366,9.19868,9.00526,9.18714,26632.3767
1772164800,9.18457,9.29187,9.12029,9.17487,29530.9801
1772179200,9.17551,9.23179,8.8094,8.84852,79378.0303
1772193600,8.83965,8.86892,8.73643,8.819,29873.2472
1772208000,8.819,8.819,8.65,8.68375,59370.8605
1772222400,8.67423,8.72565,8.55334,8.71464,58279.0263
1772236800,8.71203,8.74872,8.67047,8.6785,10003.4344
1772251200,8.67874,8.69357,8.23158,8.3616,113281.0876
1772265600,8.35412,8.35412,8.21503,8.27823,47359.4671
1772280000,8.27966,8.5394,8.27966,8.43945,80305.4755
1772294400,8.43824,8.72888,8.415,8.68408,92906.2655
1772308800,8.69016,8.93434,8.67163,8.84613,46638.4221
1772323200,8.84614,9.20248,8.75,9.04923,47954.0445
1772337600,9.05786,9.09131,8.9303,8.97716,29922.1838
1772352000,8.97718,8.99433,8.84573,8.87673,15982.4234
1772366400,8.87672,9.05262,8.79,8.92098,17724.4355
1772380800,8.92097,8.97124,8.6834,8.701,65580.0701
1772395200,8.69692,8.79209,8.5377,8.67099,81457.7422
1772409600,8.66872,8.879,8.66586,8.82381,20047.6796
1772424000,8.83318,8.8533,8.60979,8.67001,14798.1178
1772438400,8.67466,8.76371,8.59292,8.69355,18512.2555
1772452800,8.69161,9.18261,8.59017,9.10872,84088.1246
1772467200,9.10872,9.26268,8.95602,9.03286,87647.8843
1772481600,9.03767,9.1043,8.9234,8.94667,35836.1888
1772496000,8.95371,9.01291,8.85093,8.88637,30716.7857
1772510400,8.88919,8.92492,8.77628,8.795,14054.2043
1772524800,8.79031,8.8069,8.61074,8.68406,37966.1371
1772539200,8.67511,8.78826,8.56095,8.74427,38382.559
1772553600,8.74686,8.9206,8.71594,8.80591,35587.9628
1772568000,8.80989,8.88113,8.67905,8.7997,10956.5616
1772582400,8.81082,8.88024,8.69445,8.75705,19676.3987
1772596800,8.75705,8.92122,8.69019,8.90092,27743.3096
1772611200,8.90383,9.28958,8.89009,9.12579,90958.9054
1772625600,9.13053,9.51173,9.03105,9.50759,69746.0165
1772640000,9.50759,9.63304,9.36882,9.54117,94930.417
1772654400,9.53904,9.56311,9.30362,9.35829,38542.065
1772668800,9.3528,9.39177,9.23314,9.26516,53697.4517
1772683200,9.26919,9.3583,9.17983,9.22059,32737.4997
1772697600,9.2213,9.46903,9.2026,9.40353,35273.4319
1772712000,9.40124,9.48955,9.17486,9.23909,107282.6883
1772726400,9.23909,9.27296,9.07716,9.19148,61583.9952
1772740800,9.19,9.31998,9.18237,9.2038,18866.1411
1772755200,9.2038,9.29893,9.17586,9.25654,16379.9093
1772769600,9.26794,9.29026,9.15241,9.27686,15635.4435
1772784000,9.27723,9.27739,9.0604,9.07874,8585.9703
1772798400,9.07581,9.13799,8.75002,8.79252,94297.9726
1772812800,8.79014,8.83107,8.67669,8.79117,38928.8853
1772827200,8.78837,8.82172,8.73035,8.79901,41165.3763
1772841600,8.79457,8.85966,8.75847,8.79611,13967.921
1772856000,8.79125,8.81424,8.7406,8.8004,4002.6652
1772870400,8.80723,8.82246,8.75745,8.80396,5861.1677
1772884800,8.80519,8.81797,8.73355,8.75525,8260.7528
1772899200,8.75525,8.80719,8.64319,8.66154,19512.4273
1772913600,8.66217,8.71376,8.64734,8.70106,6764.7467
1772928000,8.70566,8.71718,8.58622,8.602,18919.3496
1772942400,8.59951,8.66135,8.53507,8.63202,13763.4686
1772956800,8.63859,8.77428,8.59512,8.65791,27257.8906
1772971200,8.65645,8.67078,8.54659,8.57143,22768.4764
1772985600,8.56527,8.66567,8.50064,8.64282,13616.0556
1773000000,8.64409,8.70305,8.4,8.51516,179605.007
1773014400,8.5138,8.78943,8.51197,8.68265,26279.5696
1773028800,8.68561,8.86668,8.65042,8.73984,17761.7062
1773043200,8.74,8.84686,8.71566,8.78004,18132.0073
1773057600,8.77819,8.96884,8.77626,8.92575,43026.8773
1773072000,8.92806,9.09533,8.86914,9.01062,44627.9638
1773086400,9.01119,9.03362,8.85094,8.87092,39800.271
1773100800,8.86784,9.07112,8.85172,8.93934,41882.1904
1773115200,8.93901,9.08492,8.93901,9.08492,12926.6649
1773129600,9.08447,9.15498,9.06772,9.06846,21828.8567
1773144000,9.07355,9.18156,8.86668,9.13714,51090.9119
1773158400,9.13814,9.17686,8.92495,8.97,48755.1231
1773172800,8.97534,9.01278,8.91497,8.98345,13470.6101
1773187200,8.98727,9.00524,8.91773,8.92933,11174.5248
1773201600,8.92969,9.03353,8.86947,8.90087,11981.1497
1773216000,8.89443,8.96532,8.88244,8.91838,10252.6908
1773230400,8.91412,9.16685,8.88602,9.00144,34001.017
1773244800,9.00409,9.14138,8.97885,9.08823,23090.7789
1773259200,9.08971,9.1064,8.98642,8.99445,14019.4713
1773273600,9.00107,9.01607,8.83777,8.86894,26977.5043
1773288000,8.86894,8.96063,8.84813,8.94966,25079.5089
1773302400,8.95136,9.10609,8.92916,9.03038,51611.0431
1773316800,9.03283,9.09534,8.90269,9.03667,65450.0445
1773331200,9.03669,9.08226,8.96344,9.03413,16587.1222
1773345600,9.03316,9.08278,8.97,9.05938,40713.512
1773360000,9.05938,9.39769,9.04054,9.2821,45787.6754
1773374400,9.28437,9.29966,9.17435,9.20129,8922.7221
1773388800,9.19406,9.326,9.16295,9.273,18488.7771
1773403200,9.27434,9.59715,9.23798,9.26789,95575.9376
1773417600,9.26789,9.32827,9.10847,9.15273,47703.8349
1773432000,9.14286,9.19865,9.02482,9.08903,18684.0412
1773446400,9.08904,9.12847,9.03153,9.12024,20645.9299
1773460800,9.12024,9.14345,8.97259,8.98073,15681.0001
1773475200,8.98052,9.01126,8.92683,8.9972,13257.0362
1773489600,8.99372,9.01858,8.96891,9.0073,32512.1341
1773504000,9.0073,9.05201,8.98385,9.02907,9359.0973
1773518400,9.02783,9.16903,9.01843,9.16903,13699.8395
1773532800,9.16903,9.25418,9.11721,9.20398,15624.4022
1773547200,9.20489,9.26569,9.18959,9.21735,14158.7087
1773561600,9.21905,9.31667,9.21905,9.27969,12256.5614
1773576000,9.2785,9.27942,9.13948,9.15239,15583.9844
1773590400,9.15239,9.2354,9.12889,9.20423,17272.9509
1773604800,9.19831,9.55527,9.18495,9.49456,50670.7589
1773619200,9.4971,9.80293,9.41983,9.69732,56582.0491
1773633600,9.6992,9.83039,9.67423,9.69302,69938.1515
1773648000,9.68619,9.7335,9.57145,9.66558,32875.0518
1773662400,9.66604,9.81982,9.6,9.71484,73736.1368
1773676800,9.72139,9.96936,9.71456,9.93389,124123.7315
1773691200,9.93801,10.08138,9.86245,9.92109,140242.1613
1773705600,9.92297,10.01947,9.78715,9.83172,61271.4265
1773720000,9.83172,9.85587,9.69049,9.80082,21089.7545
1773734400,9.80202,9.8301,9.73666,9.76452,19831.1723
1773748800,9.7661,9.93922,9.72174,9.7999,61446.3036
1773763200,9.80099,9.91478,9.7964,9.80822,19016.4663
1773777600,9.80822,9.90518,9.7777,9.79468,21273.3871
1773792000,9.79636,9.92569,9.75785,9.89451,11056.4109
1773806400,9.89451,9.89671,9.78517,9.81126,7740.214
1773820800,9.81686,9.88424,9.53267,9.55396,36414.2836
1773835200,9.55003,9.55159,9.13572,9.21177,54815.1556
1773849600,9.21217,9.30686,9.1,9.16852,37667.8988
1773864000,9.16869,9.25791,9.08929,9.22989,33179.4347
1773878400,9.23139,9.3364,9.16915,9.26124,30559.1293
1773892800,9.2543,9.25992,9.04032,9.09703,27827.9168
1773907200,9.09511,9.17138,9.06772,9.09709,16904.2774
1773921600,9.09416,9.09827,8.9,8.96615,57034.8893
1773936000,8.96614,9.08903,8.905,9.03672,33377.8655
1773950400,9.03672,9.09404,9.015,9.0452,10006.8325
1773964800,9.04747,9.15961,9.04382,9.12013,14557.4448
1773979200,9.12026,9.15083,9.03455,9.11296,11498.6314
1773993600,9.11295,9.20942,9.06014,9.08896,12085.605
1774008000,9.08842,9.1267,8.9735,9.02577,12333.2255
1774022400,9.02506,9.06513,8.96001,9.04029,11517.4438
1774036800,9.04321,9.16031,8.99102,9.11265,21672.3922
1774051200,9.11509,9.1722,9.11231,9.12768,13050.8719
1774065600,9.1269,9.14858,9.10298,9.12564,9641.2867
1774080000,9.12502,9.16093,9.09249,9.09911,3996.1947
1774094400,9.10506,9.13786,9.05387,9.10005,8074.6934
1774108800,9.10383,9.10475,9.0407,9.06659,11067.3869
1774123200,9.07302,9.10522,8.77,8.81878,30970.8502
1774137600,8.82105,8.96202,8.68001,8.90603,44049.4495
1774152000,8.91645,8.93954,8.84322,8.84322,7048.0492
1774166400,8.83942,8.85522,8.74993,8.75432,14574.521
1774180800,8.75348,8.82871,8.75348,8.79402,8845.2758
1774195200,8.79402,8.8037,8.69109,8.70315,13224.9457
1774209600,8.70886,8.77436,8.5768,8.68671,57756.3048
1774224000,8.69343,8.77384,8.63374,8.7049,25944.356
1774238400,8.7049,8.77405,8.5763,8.64713,15507.6406
1774252800,8.64903,9.24702,8.57984,8.97322,83790.2754
1774267200,8.98607,9.27999,8.90964,9.04285,32049.0979
1774281600,9.04364,9.21109,8.98851,9.12732,35214.8079
1774296000,9.1273,9.17422,9.07053,9.10815,17132.5952
1774310400,9.10757,9.13766,9.01403,9.09032,28895.4281
1774324800,9.0882,9.24557,9.01677,9.23563,40238.5552
1774339200,9.24181,9.25393,9.16436,9.23902,12450.8354
1774353600,9.2463,9.24902,9.03101,9.11338,55651.4397
1774368000,9.11717,9.16244,9.01519,9.05339,48595.6192
1774382400,9.05339,9.26355,9.05339,9.24586,39322.7194
1774396800,9.2467,9.3041,9.17965,9.239,56046.3688
1774411200,9.23865,9.35393,9.22864,9.29151,31027.4939
1774425600,9.29357,9.4555,9.2924,9.40772,19028.2782
1774440000,9.42,9.49,9.29108,9.36681,61535.3765
1774454400,9.36692,9.46803,9.29724,9.32735,27669.0436
1774468800,9.34462,9.3979,9.27824,9.37204,16497.2506
1774483200,9.37451,9.38479,9.22354,9.25203,12834.4589
1774497600,9.25051,9.25051,9.06423,9.10172,10609.7459
1774512000,9.1027,9.10398,8.91963,8.9445,37433.8141
1774526400,8.93855,9.02523,8.84269,8.9248,51600.369
1774540800,8.9248,8.94381,8.81,8.83972,28360.4257
1774555200,8.83042,8.97385,8.81661,8.90869,23552.0014
1774569600,8.90825,8.97217,8.88296,8.90967,15216.673
1774584000,8.91106,8.94227,8.84146,8.8982,12206.6644
1774598400,8.90425,8.90453,8.55,8.59401,43977.4284
1774612800,8.59022,8.67144,8.51746,8.61459,53697.8426
1774627200,8.6069,8.62568,8.48484,8.54809,19230.8165
1774641600,8.53761,8.56929,8.49005,8.56245,55018.9534
1774656000,8.56166,8.56264,8.5,8.51396,6231.0678
1774670400,8.51462,8.59876,8.50001,8.59859,4320.5429
1774684800,8.59825,8.60621,8.48075,8.54071,22756.1264
1774699200,8.53726,8.69392,8.4988,8.62594,55275.5377
1774713600,8.63527,8.64548,8.57552,8.59135,10164.3069
1774728000,8.59821,8.61619,8.37219,8.42902,22826.5075
1774742400,8.42672,8.56816,8.4159,8.54423,4653.364
1774756800,8.5364,8.5364,8.49305,8.51872,12493.2117
1774771200,8.50854,8.53362,8.4458,8.50461,26127.6798
1774785600,8.50122,8.50644,8.38807,8.41852,12705.9434
1774800000,8.42221,8.45727,8.38722,8.41319,10322.7498
1774814400,8.41245,8.48306,8.2,8.40814,52973.9426
1774828800,8.40601,8.65521,8.39856,8.62338,31163.9008
1774843200,8.62834,8.74029,8.62754,8.72672,14346.6742
1774857600,8.73697,8.89595,8.72226,8.85206,13327.0884
1774872000,8.85952,8.90645,8.7762,8.82262,36279.8686
1774886400,8.82194,8.8305,8.56469,8.6134,45493.4587
1774900800,8.61493,8.70594,8.57973,8.61262,14245.5524
1774915200,8.61796,8.84213,8.59611,8.7424,16496.344
1774929600,8.74669,8.7659,8.66754,8.69819,18012.2688
1774944000,8.70273,8.70468,8.50043,8.60975,10890.2439
1774958400,8.61138,8.79378,8.58742,8.61715,17950.1933
1774972800,8.62116,8.88113,8.61242,8.76309,23271.2978
1774987200,8.767,8.80808,8.70975,8.78007,17709.1117
