1767225600,0.1004,0.10099,0.099,0.09902,518337.0459
1767240000,0.099,0.09917,0.09844,0.09883,418372.4326
1767254400,0.09885,0.10016,0.09857,0.09987,76161.9478
1767268800,0.09986,0.10334,0.09945,0.10263,390319.8498
1767283200,0.10294,0.10488,0.10226,0.10488,529177.5419
1767297600,0.10493,0.10669,0.10437,0.10619,437771.5353
1767312000,0.10657,0.10787,0.10558,0.10777,498865.5261
1767326400,0.10801,0.10829,0.10689,0.10708,244225.874
1767340800,0.10692,0.11023,0.10689,0.10851,393783.5481
1767355200,0.10852,0.1114,0.10825,0.10987,472393.601
1767369600,0.11008,0.11316,0.1099,0.11206,874235.4275
1767384000,0.11206,0.11372,0.1117,0.11332,546611.399
1767398400,0.11337,0.11672,0.11337,0.11661,474081.4636
1767412800,0.11649,0.1165,0.11155,0.11155,787865.9976
1767427200,0.11163,0.11338,0.11131,0.1128,201872.5482
1767441600,0.11283,0.11415,0.11253,0.11325,159383.8141
1767456000,0.11325,0.11577,0.11312,0.11523,222658.9047
1767470400,0.11515,0.11595,0.11434,0.11554,202996.3447
1767484800,0.11551,0.11828,0.11544,0.11805,319258.5489
1767499200,0.11806,0.11913,0.1176,0.11875,195025.4161
1767513600,0.11868,0.12014,0.11769,0.11996,345698.4253
1767528000,0.11987,0.12126,0.119,0.12125,667084.3217
1767542400,0.12132,0.12304,0.11956,0.12058,314192.7107
1767556800,0.12059,0.12249,0.12059,0.12164,564525.7725
1767571200,0.12155,0.12402,0.12097,0.12277,801073.314
1767585600,0.12268,0.12293,0.11913,0.12083,256426.2025
1767600000,0.12085,0.12125,0.11897,0.12095,780874.1999
1767614400,0.12088,0.12316,0.12002,0.12316,954165.3495
1767628800,0.12325,0.12528,0.1226,0.12451,845623.6037
1767643200,0.12458,0.12616,0.12415,0.12509,617924.3655
1767657600,0.12507,0.12684,0.12401,0.12673,2539369.4986
1767672000,0.12675,0.12734,0.12529,0.1256,1594752.2261
1767686400,0.12577,0.12726,0.12537,0.12673,590742.2548
1767700800,0.12675,0.13351,0.12667,0.13061,1440749.4953
1767715200,0.1306,0.1331,0.12443,0.12544,1981938.6879
1767729600,0.12545,0.12918,0.12544,0.12823,684585.3877
1767744000,0.1281,0.12836,0.12538,0.12621,184187.8644
1767758400,0.12639,0.12873,0.12602,0.12868,386583.7241
1767772800,0.1288,0.1307,0.12668,0.12891,270226.203
1767787200,0.12885,0.12901,0.12497,0.12575,635444.3193
1767801600,0.12581,0.12856,0.12523,0.12619,638263.7023
1767816000,0.12619,0.12934,0.1257,0.12813,416339.3499
1767830400,0.12806,0.13055,0.12776,0.12776,1175877.7701
1767844800,0.12792,0.13007,0.12471,0.12701,466185.503
1767859200,0.1271,0.13097,0.12601,0.12988,494109.4161
1767873600,0.12994,0.13413,0.12689,0.13413,892066.2195
1767888000,0.13402,0.13769,0.13081,0.13701,1439681.3229
1767902400,0.13724,0.13776,0.13378,0.13571,739125.5807
1767916800,0.13607,0.14139,0.13564,0.14139,856022.0217
1767931200,0.14122,0.15081,0.14086,0.14837,2535251.2053
1767945600,0.1479,0.1479,0.14144,0.14399,2251322.7416
1767960000,0.14389,0.15982,0.14251,0.15791,3658671.6052
1767974400,0.1583,0.1599,0.1504,0.15167,2537765.0625
1767988800,0.15148,0.15802,0.15054,0.15556,980082.6231
1768003200,0.15556,0.16177,0.15405,0.1606,2188649.5819
1768017600,0.16023,0.17414,0.15843,0.16834,4769824.3178
1768032000,0.16858,0.17564,0.16533,0.17204,4320255.3911
1768046400,0.17173,0.17845,0.17023,0.17569,5872099.2972
1768060800,0.17606,0.1994,0.17483,0.18084,6255647.334
1768075200,0.18084,0.18616,0.17549,0.17718,5594311.116
1768089600,0.17735,0.18032,0.17082,0.17791,4248410.2737
1768104000,0.17793,0.2007,0.17435,0.17933,6468070.1526
1768118400,0.17919,0.18117,0.17,0.17232,4223706.7364
1768132800,0.1725,0.17263,0.16222,0.16235,5022627.9355
1768147200,0.16248,0.17175,0.16156,0.16797,4157685.394
1768161600,0.16781,0.16781,0.1618,0.16391,1929284.4794
1768176000,0.16408,0.16518,0.15929,0.15976,3364097.5317
1768190400,0.15968,0.16016,0.15162,0.15592,6575436.3543
1768204800,0.15592,0.16043,0.15314,0.15564,4376530.5327
1768219200,0.15568,0.15751,0.15064,0.15722,2453201.0073
1768233600,0.15716,0.15716,0.15227,0.15441,1774554.6426
1768248000,0.15422,0.15651,0.1498,0.15051,4729327.2655
1768262400,0.15071,0.15357,0.14839,0.1523,2655367.5748
1768276800,0.15245,0.15287,0.15067,0.15183,1562712.2835
1768291200,0.15154,0.15307,0.1495,0.14956,1777006.812
1768305600,0.14971,0.15519,0.14817,0.15501,3934341.172
1768320000,0.15516,0.16207,0.15501,0.16087,4199956.4075
1768334400,0.16096,0.16098,0.15603,0.15727,3511965.5938
1768348800,0.15739,0.16105,0.15604,0.15822,1684652.9617
1768363200,0.15833,0.16731,0.15696,0.1642,2785684.5801
1768377600,0.1641,0.16457,0.15694,0.15732,1588899.6984
1768392000,0.1573,0.15956,0.15562,0.15899,1447201.9038
1768406400,0.15898,0.1607,0.15645,0.15659,1764096.3744
1768420800,0.1566,0.15761,0.15437,0.15545,1653556.2196
1768435200,0.15545,0.16152,0.15533,0.15734,1396346.9467
1768449600,0.15744,0.15819,0.15171,0.1543,1178343.9252
1768464000,0.15435,0.15617,0.15202,0.1541,767067.6672
1768478400,0.15486,0.15861,0.15018,0.15248,1089114.4725
1768492800,0.15336,0.15371,0.14933,0.15159,671300.4301
1768507200,0.15175,0.15207,0.14837,0.1493,407371.7208
1768521600,0.1492,0.15043,0.14763,0.14803,925760.1289
1768536000,0.14792,0.14867,0.14674,0.14836,684644.8715
1768550400,0.14836,0.14836,0.14419,0.14451,1006716.2748
1768564800,0.14437,0.14442,0.13884,0.13904,2065179.3969
1768579200,0.13909,0.14139,0.1385,0.14133,430359.5948
1768593600,0.14121,0.14656,0.1409,0.14453,1204709.5879
1768608000,0.14442,0.14649,0.14407,0.14486,586493.9034
1768622400,0.14477,0.14673,0.14461,0.14616,141755.9343
1768636800,0.14612,0.14937,0.14524,0.14704,1007252.0134
1768651200,0.14693,0.14863,0.14563,0.14762,925954.2101
1768665600,0.1477,0.1477,0.14578,0.14609,623165.3334
1768680000,0.14619,0.14677,0.144,0.14512,372542.0213
1768694400,0.14512,0.14672,0.14332,0.14341,1138804.1091
1768708800,0.14331,0.14365,0.14229,0.1429,392402.7175
1768723200,0.14257,0.14259,0.14144,0.14187,385938.8093
1768737600,0.14179,0.14437,0.14158,0.14352,454988.9454
1768752000,0.14437,0.14521,0.14264,0.14313,833314.9299
1768766400,0.14284,0.14415,0.13749,0.13788,658501.4323
1768780800,0.13761,0.14053,0.126,0.13925,2443600.2985
1768795200,0.13923,0.14047,0.1366,0.13662,729272.9416
1768809600,0.13633,0.13956,0.135,0.1357,935565.0257
1768824000,0.135,0.1358,0.13404,0.13572,163952.1501
1768838400,0.13566,0.13743,0.13548,0.13692,306756.6294
1768852800,0.13703,0.13744,0.13475,0.13619,470716.1465
1768867200,0.13613,0.13713,0.13518,0.13579,282698.1338
1768881600,0.13574,0.13608,0.13286,0.13297,488730.0626
1768896000,0.1329,0.13377,0.13122,0.13157,1325017.862
1768910400,0.1316,0.13323,0.13077,0.13111,426745.5168
1768924800,0.1315,0.1321,0.12892,0.12975,832522.9627
1768939200,0.12968,0.1312,0.12931,0.13099,703466.7309
1768953600,0.13123,0.13532,0.13123,0.13426,654141.0086
1768968000,0.1342,0.13526,0.13168,0.1317,455448.0614
1768982400,0.13207,0.13384,0.13157,0.13221,172105.2315
1768996800,0.1323,0.13995,0.13097,0.13995,725181.3429
1769011200,0.13995,0.14076,0.13216,0.13761,2089497.4349
1769025600,0.13781,0.1388,0.1336,0.13411,722593.4444
1769040000,0.13439,0.13669,0.13439,0.13627,241055.7147
1769054400,0.13598,0.13707,0.13433,0.13433,413234.7186
1769068800,0.13438,0.13659,0.13401,0.13439,282690.8068
1769083200,0.13428,0.13445,0.12945,0.1305,1119131.3912
1769097600,0.13064,0.13472,0.13014,0.13456,775712.1901
1769112000,0.13431,0.13458,0.13192,0.1326,691033.3528
1769126400,0.13264,0.13445,0.13214,0.13401,175579.6497
1769140800,0.13392,0.13463,0.13172,0.13258,386518.0878
1769155200,0.1326,0.13272,0.13132,0.13244,305688.7152
1769169600,0.13235,0.13236,0.12725,0.12985,1738947.9862
1769184000,0.12988,0.1321,0.1285,0.12872,661593.5569
1769198400,0.12832,0.12886,0.12683,0.12805,483067.7452
1769212800,0.12794,0.12812,0.1267,0.12735,272745.4863
1769227200,0.12747,0.12772,0.12666,0.12678,309707.7025
1769241600,0.12675,0.12733,0.12625,0.1273,977126.414
1769256000,0.12741,0.12743,0.12542,0.12575,399390.7158
1769270400,0.1258,0.1262,0.1248,0.12494,162827.9724
1769284800,0.12488,0.12742,0.12488,0.12582,290749.2699
1769299200,0.12606,0.1264,0.12458,0.12503,385602.8649
1769313600,0.12476,0.12503,0.12347,0.12402,223727.134
1769328000,0.12409,0.12458,0.12327,0.12334,199935.3963
1769342400,0.12338,0.12338,0.12118,0.12126,713413.2812
1769356800,0.1213,0.1213,0.11613,0.1167,733688.8333
1769371200,0.11674,0.11875,0.11622,0.11846,628883.3433
1769385600,0.11855,0.12124,0.11831,0.11943,318985.4609
1769400000,0.11984,0.12207,0.11963,0.12195,193083.992
1769414400,0.12199,0.12284,0.12137,0.12216,880610.1508
1769428800,0.12216,0.12343,0.12064,0.12123,1132964.5529
1769443200,0.12138,0.12169,0.11878,0.11966,697529.0708
1769457600,0.11967,0.12052,0.11905,0.11914,298467.9763
1769472000,0.11902,0.11988,0.11793,0.1185,489844.2414
1769486400,0.11832,0.11878,0.11746,0.11818,232969.5323
1769500800,0.11815,0.1183,0.11686,0.11741,479545.9946
1769515200,0.11723,0.11725,0.11479,0.11595,1137920.3022
1769529600,0.11597,0.12009,0.11484,0.11977,1567101.8985
1769544000,0.11972,0.12075,0.11785,0.11948,2503408.5473
1769558400,0.11973,0.11995,0.11851,0.11887,254759.4632
1769572800,0.11875,0.11905,0.11743,0.1186,331199.8155
1769587200,0.11875,0.12108,0.11817,0.12107,312690.1284
1769601600,0.12113,0.12113,0.11616,0.1167,1243529.6802
1769616000,0.11677,0.11806,0.11552,0.11759,774985.8046
1769630400,0.11754,0.11916,0.11674,0.11822,485330.4192
1769644800,0.11857,0.11857,0.11576,0.11663,266670.3253
1769659200,0.11644,0.11772,0.11556,0.11755,249718.5614
1769673600,0.11738,0.11741,0.11563,0.11581,513118.8082
1769688000,0.11587,0.11686,0.11054,0.11187,1383639.3443
1769702400,0.11196,0.11316,0.10935,0.11128,1448623.8831
1769716800,0.11123,0.11277,0.1108,0.11249,756319.8989
1769731200,0.11251,0.11338,0.10881,0.11008,531658.6463
1769745600,0.11029,0.11162,0.1087,0.11105,185837.688
1769760000,0.11103,0.11204,0.11024,0.11189,589934.303
1769774400,0.11189,0.11205,0.10932,0.11064,388410.6507
1769788800,0.11075,0.11397,0.10883,0.11345,291476.3431
1769803200,0.11317,0.11317,0.11076,0.11163,523241.2445
1769817600,0.11173,0.11223,0.11099,0.11182,106027.1622
1769832000,0.11223,0.11228,0.10958,0.11021,269547.0948
1769846400,0.11019,0.11019,0.1077,0.10789,536409.5443
1769860800,0.1077,0.10797,0.10186,0.10348,1065790.6506
1769875200,0.10345,0.10465,0.09293,0.09968,3310033.6706
1769889600,0.09932,0.10439,0.09893,0.10357,704168.5433
1769904000,0.1037,0.10752,0.10359,0.10698,787655.6572
1769918400,0.10707,0.10796,0.10591,0.10711,465811.1379
1769932800,0.10711,0.10759,0.10496,0.10587,828540.8593
1769947200,0.10585,0.10607,0.10164,0.10305,450365.5512
1769961600,0.10279,0.10481,0.10186,0.10327,250264.4894
1769976000,0.10341,0.10414,0.10073,0.10246,849952.1896
1769990400,0.10289,0.10688,0.09997,0.10317,1465307.086
1770004800,0.10324,0.10401,0.09895,0.10151,778495.5026
1770019200,0.10151,0.10413,0.1015,0.10337,399607.4519
1770033600,0.10355,0.11178,0.10353,0.1102,1096507.2247
1770048000,0.11054,0.11658,0.10833,0.11384,1422044.8304
1770062400,0.11367,0.11418,0.11268,0.11381,651184.8366
1770076800,0.11402,0.11433,0.10952,0.11345,688479.0679
1770091200,0.1136,0.1141,0.11036,0.11346,481894.106
1770105600,0.11346,0.11865,0.11346,0.11618,2005063.2727
1770120000,0.1161,0.11784,0.11081,0.11362,1026815.0361
1770134400,0.11375,0.11375,0.10555,0.10996,3164712.6757
1770148800,0.10979,0.11385,0.10752,0.10793,979443.2399
1770163200,0.10815,0.10919,0.10711,0.1088,254497.9032
1770177600,0.10856,0.11154,0.1078,0.11081,249415.4827
1770192000,0.1106,0.11103,0.10864,0.10945,1005098.1494
1770206400,0.10921,0.10921,0.10489,0.10624,734100.8941
1770220800,0.1064,0.10872,0.10508,0.1087,637488.1969
1770235200,0.1089,0.10941,0.10566,0.10853,624759.3549
1770249600,0.10809,0.10996,0.10607,0.10638,1043842.2032
1770264000,0.1066,0.10794,0.10449,0.10483,598312.5024
1770278400,0.10495,0.10614,0.1011,0.10243,502403.6346
1770292800,0.10245,0.10402,0.0964,0.09807,1199817.6754
1770307200,0.09816,0.09936,0.09213,0.09247,2041738.4456
1770321600,0.09269,0.09658,0.08639,0.09167,4606578.9915
1770336000,0.09187,0.09545,0.08386,0.09138,4130568.3088
1770350400,0.0913,0.10299,0.09041,0.09988,4781339.6594
1770364800,0.10001,0.10051,0.09376,0.0964,747546.5384
1770379200,0.09605,0.09847,0.09504,0.09601,756976.2781
1770393600,0.09619,0.10021,0.09544,0.09774,1526938.6739
1770408000,0.09753,0.09933,0.09647,0.09658,504631.6315
1770422400,0.09659,0.09696,0.09492,0.09648,451587.1052
1770436800,0.09662,0.09721,0.09357,0.09489,522553.9999
1770451200,0.09475,0.09612,0.09448,0.09579,302041.5405
1770465600,0.09653,0.09899,0.09607,0.09712,304128.2835
1770480000,0.09713,0.09939,0.0964,0.09721,670257.3259
1770494400,0.09735,0.09806,0.09629,0.0975,186582.0553
1770508800,0.09736,0.09775,0.09583,0.09593,147043.953
1770523200,0.09604,0.0963,0.09562,0.09592,117853.8934
1770537600,0.09605,0.09795,0.09561,0.09793,330581.0744
1770552000,0.0979,0.0979,0.09647,0.09647,396185.4254
1770566400,0.09664,0.09685,0.09442,0.09662,307713.1155
1770580800,0.09626,0.09758,0.09477,0.09524,339616.73
1770595200,0.09558,0.09671,0.09517,0.09655,262485.9482
1770609600,0.09649,0.09658,0.09496,0.09501,196395.3298
1770624000,0.09515,0.09523,0.09195,0.09234,1167119.3008
1770638400,0.09243,0.09446,0.09092,0.09241,1521514.9709
1770652800,0.09224,0.095,0.09202,0.09397,1150666.6183
1770667200,0.09367,0.09473,0.09334,0.09445,241334.8032
1770681600,0.09445,0.09626,0.0937,0.09398,516894.3329
1770696000,0.09406,0.095,0.09224,0.0927,625198.7981
1770710400,0.09267,0.09308,0.09214,0.09227,1706790.7267
1770724800,0.09234,0.0936,0.09156,0.09264,1884027.0587
1770739200,0.09264,0.09276,0.0899,0.09074,400335.4476
1770753600,0.09072,0.09164,0.09047,0.09093,1292148.1521
1770768000,0.09107,0.09259,0.09068,0.09116,334809.6113
1770782400,0.09113,0.0912,0.0881,0.08854,666407.4198
1770796800,0.08862,0.08918,0.08782,0.08918,285700.634
1770811200,0.08905,0.09279,0.08837,0.08918,743472.814
1770825600,0.08902,0.09017,0.08796,0.08933,1403417.3402
1770840000,0.08924,0.09019,0.08846,0.08886,457187.3143
1770854400,0.08906,0.09069,0.08896,0.09031,269600.3965
1770868800,0.09026,0.09161,0.08998,0.09126,399837.3116
1770883200,0.09162,0.0939,0.09109,0.09337,1329828.4513
1770897600,0.09335,0.09438,0.09239,0.09388,640637.1931
1770912000,0.09389,0.09539,0.09194,0.09439,1627749.0958
1770926400,0.09447,0.09626,0.09347,0.09617,783689.0167
1770940800,0.09616,0.09896,0.09478,0.09695,935717.8083
1770955200,0.09689,0.09689,0.09428,0.09501,1658811.5371
1770969600,0.09511,0.09679,0.09468,0.09571,343391.0514
1770984000,0.09565,0.09961,0.09517,0.09806,891849.1978
1770998400,0.0985,0.09988,0.09681,0.09963,1062448.5807
1771012800,0.09938,0.10177,0.09883,0.10048,766780.2424
1771027200,0.10038,0.10195,0.10022,0.10088,187687.3345
1771041600,0.10094,0.10247,0.10031,0.10164,750942.0875
1771056000,0.10164,0.10698,0.10163,0.10688,710309.5182
1771070400,0.10703,0.112,0.10529,0.11185,1389274.5278
1771084800,0.11198,0.11762,0.11056,0.11131,3000350.0431
1771099200,0.11111,0.11111,0.10846,0.10935,696923.4939
1771113600,0.10933,0.11026,0.10756,0.1092,617284.0159
1771128000,0.1091,0.11348,0.1091,0.11109,2299724.4788
1771142400,0.11115,0.11169,0.10874,0.10875,380563.2838
1771156800,0.10885,0.10897,0.10432,0.10592,2338441.2414
1771171200,0.10592,0.10797,0.10536,0.10739,1703562.4974
1771185600,0.10746,0.10836,0.10668,0.10802,449055.7964
1771200000,0.10786,0.10806,0.10626,0.10684,291809.1262
1771214400,0.10687,0.1078,0.10571,0.10606,135369.5815
1771228800,0.10604,0.10691,0.10435,0.10472,369928.3562
1771243200,0.10426,0.10647,0.10368,0.10568,923519.3551
1771257600,0.10585,0.10745,0.10568,0.10674,267745.6865
1771272000,0.10675,0.10851,0.10668,0.10815,158621.9384
1771286400,0.10824,0.10838,0.10705,0.10715,238320.6742
1771300800,0.10715,0.10814,0.10574,0.10794,212541.0133
1771315200,0.10783,0.10829,0.10622,0.10722,849507.7748
1771329600,0.10721,0.10774,0.10546,0.10735,856055.438
1771344000,0.10736,0.10963,0.10729,0.10962,542723.4282
1771358400,0.10961,0.10984,0.10801,0.1083,296042.3797
1771372800,0.10841,0.10845,0.10778,0.10815,246620.4554
1771387200,0.10826,0.11165,0.10818,0.11083,1030699.1922
1771401600,0.11098,0.11131,0.10912,0.1099,624950.8309
1771416000,0.10968,0.11065,0.1082,0.10987,702313.9288
1771430400,0.10997,0.11146,0.10894,0.10946,956669.9189
1771444800,0.10949,0.11044,0.1074,0.10782,421526.0079
1771459200,0.10779,0.10887,0.10699,0.10762,237212.9183
1771473600,0.10766,0.10814,0.10664,0.10745,332822.2844
1771488000,0.10695,0.10709,0.10553,0.10588,173924.2586
1771502400,0.10582,0.10623,0.1029,0.1052,987601.589
1771516800,0.10521,0.10669,0.1041,0.10599,197605.9714
1771531200,0.10598,0.10616,0.10406,0.10488,277029.3305
1771545600,0.10464,0.10599,0.10464,0.10527,285638.4855
1771560000,0.10533,0.10618,0.10436,0.10537,302155.4139
1771574400,0.10544,0.10766,0.10544,0.10617,223726.833
1771588800,0.10604,0.10784,0.10364,0.10682,417174.1384
1771603200,0.10731,0.10757,0.10369,0.10589,1763369.4403
1771617600,0.10584,0.10608,0.10507,0.10608,172398.0544
1771632000,0.10609,0.10738,0.10609,0.10711,80084.4446
1771646400,0.10717,0.10956,0.10713,0.1095,359603.3735
1771660800,0.10958,0.11152,0.10958,0.11075,460734.355
1771675200,0.11084,0.11527,0.11032,0.11484,2556982.8394
1771689600,0.11488,0.11519,0.11005,0.11298,1089168.5477
1771704000,0.11278,0.11278,0.11017,0.1102,556685.7443
1771718400,0.11019,0.11019,0.1072,0.10797,476863.832
1771732800,0.10803,0.10815,0.10705,0.10744,414846.6625
1771747200,0.10737,0.1084,0.10644,0.10744,897952.4854
1771761600,0.10744,0.10755,0.10531,0.1059,603378.0852
1771776000,0.10585,0.10607,0.10513,0.10607,244221.6595
1771790400,0.10611,0.10687,0.10513,0.10672,274062.2857
1771804800,0.10689,0.10743,0.10169,0.10333,818062.1523
1771819200,0.10329,0.1062,0.10278,0.10601,439644.4884
1771833600,0.10602,0.11119,0.10542,0.10907,1915111.8159
1771848000,0.10906,0.11086,0.10803,0.10903,1211675.6337
1771862400,0.10913,0.11137,0.10571,0.10649,1318520.1953
1771876800,0.10633,0.10712,0.10568,0.10671,854130.9821
1771891200,0.10682,0.10788,0.10472,0.10552,482806.607
1771905600,0.10549,0.10637,0.10415,0.1048,905281.8853
1771920000,0.10485,0.10632,0.1048,0.10553,210428.542
1771934400,0.10569,0.10937,0.10469,0.10878,771418.7817
1771948800,0.10882,0.11261,0.10882,0.11171,1785249.6209
1771963200,0.11172,0.11414,0.11172,0.11261,1225824.9089
1771977600,0.11284,0.1175,0.11145,0.11463,1596602.5426
1771992000,0.1141,0.11499,0.11157,0.1132,693315.8214
1772006400,0.11311,0.11515,0.11257,0.11355,295651.4337
1772020800,0.11366,0.11609,0.11361,0.11414,1232568.2522
1772035200,0.1144,0.11794,0.11434,0.11762,2268224.6193
1772049600,0.11784,0.11837,0.11274,0.11397,1307928.8127
1772064000,0.11404,0.11424,0.11217,0.11383,322653.3196
1772078400,0.11381,0.11408,0.111,0.111,733710.9753
1772092800,0.11102,0.11141,0.10944,0.10981,1099746.5471
1772107200,0.10995,0.11151,0.10988,0.11068,347549.1625
1772121600,0.11064,0.11098,0.10819,0.11056,1370066.0999
1772136000,0.11052,0.11075,0.10973,0.11043,878127.9084
1772150400,0.11044,0.11289,0.10999,0.11278,394777.2031
1772164800,0.11301,0.1157,0.11301,0.11563,517701.0815
1772179200,0.11576,0.11692,0.11009,0.11051,1640787.9749
1772193600,0.11048,0.11147,0.10938,0.10979,592331.6131
1772208000,0.10984,0.10984,0.10695,0.10843,569704.3187
1772222400,0.1084,0.10913,0.10703,0.10901,525648.0837
1772236800,0.10894,0.10923,0.10722,0.10747,321659.2615
1772251200,0.10738,0.10791,0.102,0.10349,1221219.2052
1772265600,0.1031,0.10321,0.10048,0.10144,717904.9917
1772280000,0.10143,0.10561,0.10143,0.10462,651275.4735
1772294400,0.10452,0.107,0.10353,0.10664,640247.8345
1772308800,0.10641,0.10973,0.10641,0.10903,883216.1559
1772323200,0.1091,0.11252,0.10709,0.11029,461808.0577
1772337600,0.11059,0.11067,0.10848,0.10898,213041.4265
1772352000,0.10912,0.10922,0.10619,0.10658,143062.1991
1772366400,0.10658,0.10809,0.10519,0.10645,436324.1937
1772380800,0.10642,0.1069,0.10387,0.10404,637631.7877
1772395200,0.10394,0.10569,0.10246,0.10513,881553.3763
1772409600,0.10534,0.10861,0.10527,0.108,349048.7206
1772424000,0.10811,0.10877,0.10494,0.10503,212397.2647
1772438400,0.10496,0.10557,0.10212,0.10343,604272.4637
1772452800,0.10362,0.10601,0.10127,0.10474,1665171.6919
1772467200,0.1048,0.10578,0.10115,0.1023,2260135.6519
1772481600,0.10229,0.10312,0.10092,0.10165,769529.035
1772496000,0.10161,0.10191,0.10013,0.1006,941501.6552
1772510400,0.1007,0.10078,0.09913,0.10019,823403.5087
1772524800,0.10039,0.1006,0.0973,0.09862,1292577.5513
1772539200,0.09857,0.10168,0.09857,0.10078,985404.0382
1772553600,0.10089,0.10236,0.09962,0.10074,648282.8526
1772568000,0.10074,0.10171,0.09991,0.10083,359961.262
1772582400,0.10084,0.10232,0.10027,0.10151,422860.1083
1772596800,0.10168,0.10283,0.10042,0.10264,581809.0403
1772611200,0.10241,0.10551,0.10198,0.10308,1775771.186
1772625600,0.10305,0.10541,0.10153,0.10541,460419.138
1772640000,0.10551,0.10633,0.10253,0.10522,1341199.8528
1772654400,0.1051,0.10536,0.10293,0.10375,508335.2772
1772668800,0.10382,0.10492,0.10319,0.10426,630754.5647
1772683200,0.1042,0.10421,0.10205,0.10241,294626.842
1772697600,0.1025,0.10429,0.10181,0.10303,730212.5275
1772712000,0.1029,0.1039,0.10045,0.10045,859009.7527
1772726400,0.10051,0.1025,0.09882,0.10104,667366.1155
1772740800,0.10112,0.10235,0.10081,0.10112,206580.2486
1772755200,0.10111,0.10181,0.10095,0.10171,174367.0667
1772769600,0.10173,0.10272,0.10071,0.1025,157040.826
1772784000,0.10262,0.10265,0.09923,0.09925,393142.0805
1772798400,0.09925,0.10031,0.09675,0.09687,693795.0087
1772812800,0.09695,0.09878,0.09672,0.09867,401911.1171
1772827200,0.09875,0.09893,0.09847,0.09851,586871.3362
1772841600,0.09855,0.09941,0.09846,0.09901,121249.9419
1772856000,0.09904,0.09904,0.09737,0.09803,309696.033
1772870400,0.09802,0.09837,0.09739,0.09741,118778.9475
1772884800,0.09741,0.09775,0.09673,0.09692,353811.65
1772899200,0.09693,0.09713,0.09523,0.09551,328830.1735
1772913600,0.09551,0.09563,0.09402,0.09501,695379.1255
1772928000,0.09509,0.0955,0.09351,0.09407,194644.7329
1772942400,0.094,0.09466,0.09338,0.09454,314040.0726
1772956800,0.0945,0.09584,0.09392,0.09549,216963.1335
1772971200,0.09524,0.09594,0.09415,0.0946,306817.2192
1772985600,0.09471,0.0973,0.09413,0.09715,1503167.7066
1773000000,0.09715,0.09715,0.09429,0.09533,407605.9213
1773014400,0.09555,0.0972,0.09531,0.09609,438419.7236
1773028800,0.09629,0.09777,0.0961,0.09642,147130.822
1773043200,0.09647,0.09728,0.09599,0.09678,311462.9017
1773057600,0.09677,0.09805,0.09671,0.09753,316156.4932
1773072000,0.09732,0.09732,0.09513,0.09562,341567.5653
1773086400,0.09556,0.0963,0.09545,0.09567,171820.9727
1773100800,0.09554,0.09744,0.09528,0.09591,170448.0254
1773115200,0.09592,0.097,0.09592,0.09671,277744.8646
1773129600,0.09682,0.09839,0.09669,0.09762,868364.8689
1773144000,0.09748,0.09882,0.09604,0.09756,304543.247
1773158400,0.09788,0.09876,0.09618,0.09653,506159.4225
1773172800,0.09659,0.097,0.09569,0.09632,346304.0805
1773187200,0.09628,0.09654,0.09564,0.0964,315247.7511
1773201600,0.09663,0.09745,0.09555,0.09685,89343.8628
1773216000,0.09676,0.09728,0.09592,0.09612,342148.8916
1773230400,0.09622,0.09815,0.09622,0.09703,230817.4541
1773244800,0.09707,0.09813,0.09703,0.09803,297095.5322
1773259200,0.09801,0.09881,0.09775,0.09781,292483.7147
1773273600,0.09792,0.09845,0.09712,0.09752,454240.4155
1773288000,0.0976,0.09835,0.09664,0.09806,376558.7585
1773302400,0.0981,0.09964,0.09785,0.09832,233007.6209
1773316800,0.09821,0.09843,0.09683,0.09794,174899.3866
1773331200,0.09787,0.09889,0.0976,0.09883,339021.021
1773345600,0.0987,0.09971,0.09809,0.0989,404926.609
1773360000,0.09891,0.10023,0.09858,0.09947,473247.105
1773374400,0.09946,0.09946,0.09774,0.09818,542213.7187
1773388800,0.09827,0.09902,0.09788,0.09874,511090.0418
1773403200,0.09875,0.09995,0.09805,0.09835,504031.6456
1773417600,0.09836,0.09849,0.09558,0.09636,837559.8711
1773432000,0.09614,0.09683,0.095,0.09536,412983.9249
1773446400,0.09536,0.09661,0.09477,0.09646,318231.4061
1773460800,0.09637,0.09653,0.09518,0.09568,347584.7107
1773475200,0.09572,0.09725,0.09555,0.09697,146014.9314
1773489600,0.09729,0.09743,0.09576,0.09593,284104.3325
1773504000,0.09593,0.09633,0.09582,0.09612,161031.9772
1773518400,0.09599,0.09717,0.09574,0.09717,500120.6928
1773532800,0.09721,0.09739,0.09625,0.09679,164096.6497
1773547200,0.097,0.09728,0.09565,0.09575,214519.1766
1773561600,0.09583,0.09681,0.09557,0.09681,213589.2692
1773576000,0.09679,0.09685,0.09567,0.09604,213386.7104
1773590400,0.09603,0.09677,0.09571,0.09642,247797.8922
1773604800,0.09652,0.09777,0.09617,0.09731,446480.1656
1773619200,0.09753,0.0996,0.09731,0.09911,802550.7311
1773633600,0.0991,0.10066,0.0991,0.1001,924972.6125
1773648000,0.1001,0.10167,0.09948,0.10122,1392773.0965
1773662400,0.1011,0.10132,0.09928,0.09968,3118944.892
1773676800,0.09968,0.10279,0.09958,0.10133,984262.435
1773691200,0.10154,0.10266,0.10126,0.10195,863416.2613
1773705600,0.10158,0.10208,0.09994,0.10038,316726.9446
1773720000,0.10042,0.10053,0.09906,0.10006,492842.4072
1773734400,0.10016,0.10092,0.09953,0.10064,233147.0008
1773748800,0.10057,0.10065,0.09886,0.09954,250758.3619
1773763200,0.09954,0.10013,0.09896,0.09935,744208.3348
1773777600,0.09962,0.10031,0.09902,0.09911,621076.7512
1773792000,0.09933,0.10035,0.09915,0.10014,174824.3245
1773806400,0.10017,0.10094,0.09988,0.10056,213666.9661
1773820800,0.10065,0.10082,0.09792,0.09831,736046.2284
1773835200,0.0983,0.0983,0.09623,0.09672,530149.8506
1773849600,0.09663,0.09792,0.09635,0.09664,247212.0273
1773864000,0.09665,0.0974,0.09615,0.09682,317573.3428
1773878400,0.09685,0.09717,0.096,0.09671,1022240.9448
1773892800,0.09663,0.09677,0.09519,0.0959,259431.8648
1773907200,0.09606,0.09668,0.09561,0.0961,103733.3663
1773921600,0.09606,0.09622,0.094,0.09479,478431.3694
1773936000,0.09479,0.09551,0.09426,0.09537,160478.8958
1773950400,0.09533,0.09578,0.09486,0.09546,121204.1323
1773964800,0.09553,0.09793,0.09549,0.09784,235183.4472
1773979200,0.09788,0.0993,0.09729,0.09748,294546.3732
1773993600,0.0975,0.09942,0.09673,0.09872,284379.8225
1774008000,0.09901,0.09903,0.09723,0.09855,492761.9852
1774022400,0.09858,0.10123,0.09658,0.09735,1509396.9759
1774036800,0.09728,0.09869,0.09646,0.09846,263848.3025
1774051200,0.09849,0.09881,0.09706,0.09709,193868.9853
1774065600,0.09717,0.09732,0.09686,0.09697,300982.5485
1774080000,0.09698,0.0971,0.09589,0.09625,1084309.1339
1774094400,0.09625,0.09653,0.09571,0.09649,290412.4998
1774108800,0.09666,0.09666,0.09601,0.09635,262331.3475
1774123200,0.09638,0.09658,0.094,0.0945,305850.9029
1774137600,0.09427,0.09519,0.09255,0.09485,273207.9017
1774152000,0.09479,0.095,0.09412,0.09429,235395.2971
1774166400,0.09406,0.0941,0.09311,0.09321,932942.3229
1774180800,0.09329,0.09404,0.09274,0.09319,348454.8521
1774195200,0.09319,0.09364,0.09235,0.09266,185883.418
1774209600,0.09266,0.09309,0.09146,0.0921,504963.0698
1774224000,0.09228,0.09431,0.09228,0.09398,125028.7472
1774238400,0.09391,0.09391,0.09163,0.09192,428034.3173
1774252800,0.09176,0.095,0.09089,0.09425,507959.9695
1774267200,0.09426,0.09649,0.09426,0.09471,737466.602
1774281600,0.09482,0.09667,0.09482,0.09603,1696108.0738
1774296000,0.09602,0.097,0.09569,0.09654,247246.5603
1774310400,0.0967,0.09732,0.09514,0.09575,360342.1083
1774324800,0.09569,0.09676,0.09508,0.09676,173762.1713
1774339200,0.09673,0.09681,0.09525,0.09526,631815.1074
1774353600,0.09535,0.09537,0.09429,0.09503,379510.6647
1774368000,0.09515,0.09547,0.09384,0.0945,410608.68
1774382400,0.09441,0.09605,0.09419,0.09594,218714.4456
1774396800,0.09611,0.09654,0.09569,0.09625,166265.978
1774411200,0.09622,0.09666,0.09603,0.09606,122800.9065
1774425600,0.09619,0.09701,0.09601,0.09678,330056.3357
1774440000,0.09688,0.09799,0.09655,0.09793,592436.5909
1774454400,0.09783,0.09994,0.09707,0.09768,811731.0924
1774468800,0.0977,0.09838,0.09714,0.09816,183110.281
1774483200,0.09816,0.09816,0.09665,0.0968,218275.9294
1774497600,0.0969,0.09693,0.09558,0.09623,144527.0029
1774512000,0.0962,0.09622,0.09418,0.09423,653068.9728
1774526400,0.09416,0.09516,0.09351,0.09426,419643.4611
1774540800,0.09425,0.0945,0.09314,0.09329,169811.9649
1774555200,0.09324,0.09504,0.09318,0.09459,1311927.613
1774569600,0.09464,0.09605,0.09455,0.09594,182114.2365
1774584000,0.09597,0.09659,0.09537,0.09636,243682.6558
1774598400,0.0966,0.09689,0.0915,0.09188,1744409.3003
1774612800,0.09178,0.09178,0.08982,0.09004,1689794.1826
1774627200,0.09003,0.09072,0.0894,0.09072,727017.4171
1774641600,0.09063,0.09091,0.08985,0.09068,520951.6272
1774656000,0.09065,0.09084,0.09002,0.09028,248836.6435
1774670400,0.09025,0.09135,0.09012,0.09135,199711.3665
1774684800,0.0915,0.09196,0.09112,0.0917,136644.2711
1774699200,0.09174,0.09368,0.09149,0.09251,400710.0902
1774713600,0.09271,0.09308,0.09215,0.09235,219735.7065
1774728000,0.09234,0.09274,0.0914,0.09162,137708.1615
1774742400,0.09154,0.09237,0.09125,0.09219,220835.2852
1774756800,0.09222,0.09291,0.09207,0.0928,89492.4334
1774771200,0.093,0.09305,0.09194,0.09216,283114.4263
1774785600,0.09214,0.09261,0.0916,0.09207,275394.5148
1774800000,0.09213,0.09253,0.09182,0.09195,158858.4408
1774814400,0.09195,0.09253,0.08931,0.09088,334859.1621
1774828800,0.09098,0.09325,0.09098,0.09308,261529.7721
1774843200,0.09308,0.09435,0.09302,0.09434,268493.8488
1774857600,0.0944,0.09497,0.09359,0.09435,815903.825
1774872000,0.09438,0.09444,0.09243,0.09251,893857.904
1774886400,0.0924,0.0924,0.0904,0.09065,396537.4787
1774900800,0.09075,0.09194,0.09061,0.09144,158266.1521
1774915200,0.09136,0.09295,0.09109,0.09237,237506.6455
1774929600,0.09234,0.09239,0.09042,0.09061,282230.2456
1774944000,0.09031,0.09057,0.08936,0.0898,766790.4713
1774958400,0.08993,0.09001,0.0883,0.0885,1182076.1713
1774972800,0.08851,0.09072,0.08846,0.09003,773208.2764
1774987200,0.09002,0.09114,0.08996,0.09114,274019.9673
