1767225600,124.45,125.57,124.4,124.96,27453.4888
1767240000,125,125.11,124.05,124.05,29083.4032
1767254400,124.05,125.07,123.96,125,8612.345
1767268800,125.01,125.04,124.26,124.79,24081.6016
1767283200,124.79,125.6,124.16,125.55,25640.1804
1767297600,125.58,127.03,125.15,126.72,33462.176
1767312000,126.79,127.91,125.71,127.27,22348.0489
1767326400,127.36,127.55,126.56,126.93,20057.2086
1767340800,126.98,129.8,126.98,128.07,48809.0319
1767355200,128.08,129.46,126.7,128.8,52874.6777
1767369600,128.88,132.2,128.59,131.53,142529.9665
1767384000,131.56,133.16,130.78,132.22,63922.9182
1767398400,132.18,133.1,132.07,132.79,41718.4081
1767412800,132.78,132.8,129.56,130.05,26124.863
1767427200,130.05,131.36,129.77,130.68,21208.0426
1767441600,130.66,132.05,130.45,131.36,16668.2883
1767456000,131.4,132.04,131.39,131.73,7231.448
1767470400,131.73,133.86,131.31,133.3,32199.737
1767484800,133.3,134.85,133.26,134.59,33063.683
1767499200,134.56,134.91,133.65,133.75,16566.6667
1767513600,133.75,134.78,133.2,134.32,11039.1579
1767528000,134.32,135.25,133.71,134.82,29317.1048
1767542400,134.82,135.45,133.07,133.51,19257.6782
1767556800,133.51,134.79,133.35,134.13,12150.9838
1767571200,134.06,137.6,133.97,136.61,108203.0136
1767585600,136.58,136.67,134.6,135.36,25366.0302
1767600000,135.36,135.97,134.71,135.68,17877.7212
1767614400,135.7,136.39,133.13,136.09,70691.7406
1767628800,136.08,138.79,134.3,138.19,102952.8768
1767643200,138.21,139.8,137.78,137.89,80555.4532
1767657600,137.89,138.56,136.91,138.35,40842.9921
1767672000,138.37,140,137.35,137.54,42273.6926
1767686400,137.55,139.62,137.39,139.44,54135.671
1767700800,139.45,143.43,138.74,141.49,234010.007
1767715200,141.51,141.87,136.15,137.46,108347.3254
1767729600,137.46,141.88,137.45,141,67501.0526
1767744000,140.96,141.29,138.43,139.47,25976.785
1767758400,139.49,139.62,138.15,139.26,23189.5097
1767772800,139.28,139.69,136.5,137.88,34327.7815
1767787200,137.83,138.37,135.13,135.63,58736.4387
1767801600,135.63,136.52,134.3,135.63,36582.0842
1767816000,135.63,136.87,134.88,136.29,13827.272
1767830400,136.29,138.59,135.87,136.62,78972.0862
1767844800,136.59,138.11,133.61,135.7,38786.0579
1767859200,135.7,136.02,133.76,134.59,18944.9534
1767873600,134.6,136.36,132.6,136.35,72756.388
1767888000,136.29,138.89,136.15,137.4,63146.2647
1767902400,137.4,139.91,136.44,138.26,66819.7214
1767916800,138.26,140.92,137.62,140.61,79999.5521
1767931200,140.62,140.88,139.31,139.39,17077.0067
1767945600,139.39,139.46,136.93,138.12,37217.3369
1767960000,138.13,140.67,136.08,138.66,86734.5224
1767974400,138.66,140.08,135.35,135.66,98559.162
1767988800,135.65,136.3,134.85,135.79,24448.2068
1768003200,135.79,136.46,135.53,135.97,20906.8426
1768017600,135.97,136.15,135.58,135.9,5910.3638
1768032000,135.9,136.83,135.8,136.38,21110.6035
1768046400,136.42,136.87,135.82,136.22,12318.96
1768060800,136.24,136.54,135.73,136.05,23504.5676
1768075200,136.05,136.08,135.19,135.67,15967.7986
1768089600,135.66,136.31,135.59,136.09,26826.6963
1768104000,136.1,136.23,135.7,136.02,15049.5423
1768118400,136.02,136.7,135.93,136.36,59411.5595
1768132800,136.36,139.29,136.35,138.19,38001.5106
1768147200,138.2,141.35,138.2,139.27,68034.9937
1768161600,139.23,139.56,137.33,139.45,28008.0425
1768176000,139.47,144.12,138.72,142.3,132392.5006
1768190400,142.34,143.08,141.18,141.19,56362.66
1768204800,141.23,141.82,138.9,139.87,72647.7401
1768219200,139.88,142.55,138.49,142.39,57934.0746
1768233600,142.41,144.07,140.52,140.87,108842.2941
1768248000,140.88,141.71,138.26,139.08,65319.3787
1768262400,139.08,139.41,137.71,138.59,60535.2849
1768276800,138.59,140.57,138.27,139.83,36669.0611
1768291200,139.83,142.9,139.82,141.65,53892.4684
1768305600,141.68,143.63,141.06,143.41,102726.3398
1768320000,143.43,144.45,142.39,144.18,106001.4308
1768334400,144.19,148.66,143.01,145.43,150251.0769
1768348800,145.43,146.44,144.27,146.24,78457.3305
1768363200,146.19,146.3,143.89,144.79,48340.6947
1768377600,144.79,145.69,143.5,143.68,108852.1949
1768392000,143.68,147.54,143.34,147.02,155677.7202
1768406400,147.06,148.38,145.38,146.74,104011.4025
1768420800,146.77,147.75,145.83,146.69,142374.8017
1768435200,146.7,146.71,143.18,143.41,49175.7333
1768449600,143.42,145.24,143.29,144.83,27156.3509
1768464000,144.98,145.93,143.99,144.8,35748.6012
1768478400,144.81,145.61,141.72,143.47,97615.2464
1768492800,143.45,144.13,140.96,141.55,65128.8335
1768507200,141.51,142.61,141.04,142.38,46438.6887
1768521600,142.36,142.76,141.66,141.91,19768.4276
1768536000,141.91,143.51,141.4,142.86,32736.9489
1768550400,142.92,143.43,142.7,143.09,8456.6389
1768564800,143.09,143.81,140.22,140.71,34859.9744
1768579200,140.74,144.44,140.62,144.06,56813.4686
1768593600,144.12,145.44,143.4,144.84,63086.0475
1768608000,144.84,144.9,144.13,144.34,22685.4578
1768622400,144.32,144.43,143.59,143.66,10986.4761
1768636800,143.61,144.59,143.26,143.96,32990.8629
1768651200,143.96,144.22,143.57,144.22,44009.4244
1768665600,144.23,144.45,143.65,144.18,23620.1181
1768680000,144.19,144.51,143.5,143.68,18470.7022
1768694400,143.66,143.95,141.94,142.78,48731.0919
1768708800,142.77,142.96,142.03,142.07,4793.2283
1768723200,142.07,142.58,141.89,142.32,6404.4611
1768737600,142.34,142.63,141.42,141.97,25538.5937
1768752000,141.97,143.17,141.75,142.19,59009.9244
1768766400,142.22,142.95,137.72,137.8,77505.375
1768780800,137.79,137.79,130.02,133.86,218781.6256
1768795200,133.87,133.95,132.64,133.37,42623.5117
1768809600,133.37,134.28,133.22,134.03,32101.6898
1768824000,134.03,134.09,133.23,133.48,18071.5248
1768838400,133.47,134.62,133.41,134.38,30466.061
1768852800,134.38,135.06,132.38,133.36,126198.0638
1768867200,133.36,134.48,132.99,134.16,32959.76
1768881600,134.16,134.16,130.41,130.48,81370.2706
1768896000,130.48,130.62,128.28,128.68,69918.1432
1768910400,128.69,129.62,127.15,127.7,58145.2348
1768924800,127.71,128.46,126.18,127.09,64958.5968
1768939200,127.09,127.93,124.52,125.66,66018.4492
1768953600,125.66,127.66,125.62,127.46,76436.8665
1768968000,127.47,128.63,127.33,127.52,38955.539
1768982400,127.46,128.02,126.69,126.82,21496.6592
1768996800,126.83,131.01,126.1,130.33,151570.6352
1769011200,130.33,131.54,125.19,131.38,242961.0606
1769025600,131.38,132,129.1,129.41,63973.779
1769040000,129.42,130.5,129.41,129.71,24046.5032
1769054400,129.72,130.35,129.6,129.68,18457.4849
1769068800,129.68,130.26,129.23,130.08,14830.6738
1769083200,130.02,130.8,126.63,127.3,56296.9054
1769097600,127.3,129.24,126.85,129.14,50679.2278
1769112000,129.14,129.6,127.84,128.32,32291.947
1769126400,128.35,128.84,127.95,128.6,15047.3931
1769140800,128.61,129.1,127.12,127.76,52716.657
1769155200,127.75,127.8,126.8,127.37,17005.5628
1769169600,127.37,127.91,125.15,127.74,52280.8457
1769184000,127.76,130.04,127.36,127.93,82636.4538
1769198400,127.93,128.11,126.24,127.29,63755.313
1769212800,127.27,127.9,127.12,127.72,12876.4091
1769227200,127.72,127.92,126.86,126.96,10324.1235
1769241600,126.94,127.17,126.79,126.96,9717.4799
1769256000,126.96,127.19,126.65,126.66,6366.9498
1769270400,126.66,127.31,126.49,127.11,10970.3276
1769284800,127.12,127.54,126.92,127.02,13388.8435
1769299200,127.02,127.25,126.2,126.45,13257.9501
1769313600,126.44,126.8,126.19,126.28,13743.95
1769328000,126.26,126.95,125.77,126.57,25971.5155
1769342400,126.57,126.92,125.27,125.42,14333.1445
1769356800,125.43,125.43,117.12,117.79,232240.0415
1769371200,117.8,119.28,117.32,118.74,125677.9738
1769385600,118.73,122.64,118.46,121.36,58701.7609
1769400000,121.36,123.39,121.36,122.75,28096.6427
1769414400,122.76,123.4,121.63,122.35,27591.1423
1769428800,122.36,125.11,122.26,123.42,47302.0433
1769443200,123.41,125.39,122.91,124.18,67519.1768
1769457600,124.18,124.7,123.32,124.08,58362.5906
1769472000,124.08,124.96,123.63,124.36,41792.74
1769486400,124.37,124.94,123.87,124.38,25639.5747
1769500800,124.37,124.62,123.42,123.97,12998.7798
1769515200,123.96,124.84,123,124.84,26122.2559
1769529600,124.84,126.63,123.43,125.67,87355.5659
1769544000,125.68,127.69,125.58,127.03,27129.8989
1769558400,127.03,127.31,126.53,126.8,15744.8541
1769572800,126.8,127.35,126.31,126.89,15333.1341
1769587200,126.87,128.16,125.83,127.97,42297.5577
1769601600,128,128.05,125.32,125.9,53528.2679
1769616000,125.92,126.82,125.1,125.87,31060.0718
1769630400,125.87,126.47,124.61,125.16,42569.0586
1769644800,125.16,125.26,122.37,122.87,148861.7479
1769659200,122.87,123.8,122.34,123.59,30305.7671
1769673600,123.6,123.67,122.49,122.58,39357.4552
1769688000,122.59,123.01,115.93,117.5,92473.3959
1769702400,117.5,119.78,115.21,116.62,124707.0421
1769716800,116.64,117.72,116.37,117.62,32651.7273
1769731200,117.62,117.92,112,114.25,116766.9815
1769745600,114.25,115.94,112.86,115.6,61651.3352
1769760000,115.6,117.05,114.51,116.91,44922.3101
1769774400,116.88,117.47,114.33,116.66,128076.6421
1769788800,116.66,118.92,114.1,118.07,139351.0929
1769803200,118.12,118.24,116.39,117.43,47120.1164
1769817600,117.43,118.41,117.22,118.21,33022.8696
1769832000,118.21,118.67,117.05,117.19,23109.8429
1769846400,117.2,117.34,113.88,115.84,71741.9038
1769860800,115.87,115.97,108.05,108.52,127796.3365
1769875200,108.5,109.59,96.43,101.62,360736.6816
1769889600,101.63,106.41,100.29,105.44,253696.832
1769904000,105.45,106.28,104.12,104.85,67119.2374
1769918400,104.86,105.87,103.85,105.06,66383.7463
1769932800,105.07,105.91,103.58,104.93,30591.0842
1769947200,104.95,106.56,100.12,101.6,137170.1787
1769961600,101.61,104.16,100.9,101.83,74221.3829
1769976000,101.83,102.74,97.93,100.63,130203.4078
1769990400,100.67,103,95.81,99.97,208730.6548
1770004800,99.98,102.27,97.05,101.29,125934.1791
1770019200,101.32,103.32,101.28,102.69,72174.3186
1770033600,102.67,106.02,102.3,104.64,106394.8086
1770048000,104.64,105.7,103.42,103.88,47459.6786
1770062400,103.8,105.1,103.26,104.46,53077.3496
1770076800,104.45,104.56,102.09,104.07,51683.081
1770091200,104.06,104.96,102.9,104.56,36182.5055
1770105600,104.61,104.89,102.41,102.93,33987.3184
1770120000,102.94,103.52,100.25,102.45,103461.0764
1770134400,102.45,102.45,96.58,98.94,200406.5665
1770148800,98.9,101.94,97.09,97.75,131867.4442
1770163200,97.73,99.51,97.06,98.97,66125.2615
1770177600,98.99,99.18,96.38,97.75,67172.5797
1770192000,97.76,97.81,94.6,96.06,76011.4679
1770206400,96.01,96.56,91.2,92.66,160605.7609
1770220800,92.66,94.48,89.73,94.18,181446.4592
1770235200,94.17,94.28,89.05,91.94,165874.8174
1770249600,91.92,92.62,90.09,90.97,116075.5679
1770264000,90.98,91.88,89.57,90.35,111123.8896
1770278400,90.36,93.2,88.56,89.81,127376.9377
1770292800,89.83,91.27,83.28,84.46,323313.2806
1770307200,84.47,86,81.06,81.49,325248.7608
1770321600,81.51,82.12,77.42,78.18,371873.6114
1770336000,78.22,80.19,67.4,76.62,495328.8581
1770350400,76.63,81.54,76.14,79.46,225356.7611
1770364800,79.49,81.9,78.62,81.31,95703.2808
1770379200,81.29,85.11,80.78,84.37,238418.8714
1770393600,84.44,88.63,83.69,87.01,332961.8687
1770408000,87.01,89.72,86.57,87.42,131741.9048
1770422400,87.41,88.33,85.87,88.03,60765.7602
1770436800,88.05,88.95,84.14,85.27,119671.5674
1770451200,85.27,85.67,84.5,84.89,42440.1189
1770465600,84.87,87.12,84.79,86.45,53745.6113
1770480000,86.48,89.1,86.16,88.21,100593.3599
1770494400,88.21,89.12,86.85,87.55,89846.9198
1770508800,87.55,88.14,86.68,86.76,21502.0239
1770523200,86.76,87.55,86.55,87.31,57873.0058
1770537600,87.34,88.86,86.39,88.18,59788.3956
1770552000,88.19,88.77,87.34,87.7,33836.7209
1770566400,87.73,88.52,85.75,88.38,51401.0937
1770580800,88.36,88.96,86.04,86.95,59851.3442
1770595200,86.95,87.89,85.77,87.63,29964.2215
1770609600,87.6,87.65,85.16,85.43,96686.3254
1770624000,85.44,85.54,82.8,83.37,75390.7647
1770638400,83.4,85.75,83.37,85.17,58012.8619
1770652800,85.26,88.58,84.76,87.85,76823.9599
1770667200,87.93,88.22,86.53,86.72,39983.3998
1770681600,86.73,87.42,85.25,85.81,30512.0342
1770696000,85.79,86.59,84.26,84.55,60685.1713
1770710400,84.54,84.97,83.7,83.79,23331.2137
1770724800,83.78,85.21,83.15,84.21,85837.3546
1770739200,84.24,85.09,82.42,83.06,81093.4035
1770753600,83.05,83.17,81.88,82.94,77102.055
1770768000,82.95,84.3,82.56,83.28,67870.3238
1770782400,83.28,83.46,80.26,80.98,110375.6916
1770796800,80.98,81.42,80.36,81.22,29168.8153
1770811200,81.23,83.08,78.51,79.67,196470.9717
1770825600,79.68,80.89,78.03,79.68,96287.949
1770840000,79.68,81.03,78.83,79.23,54293.744
1770854400,79.26,80.73,79.24,80.58,34681.0283
1770868800,80.57,80.9,79.49,80.75,54438.4166
1770883200,80.73,82.2,80.27,81.88,45295.5301
1770897600,81.83,82.05,80.06,80.07,90940.3579
1770912000,80.1,80.17,76.97,77.53,169461.1462
1770926400,77.54,78.46,76.54,78.32,76402.6006
1770940800,78.33,79.37,77.47,78.97,30137.7617
1770955200,78.97,79.19,77.82,78.92,17922.4317
1770969600,78.92,80.54,78.8,80.24,37139.9147
1770984000,80.24,84.28,79.67,83.14,140307.7211
1770998400,83.15,85.54,82.91,84.63,90219.3226
1771012800,84.61,85.11,84.12,84.29,54605.4146
1771027200,84.29,85.24,84.16,85.01,24821.4656
1771041600,85.02,85.23,84.32,85.16,14503.4874
1771056000,85.16,87.25,85.16,87.23,80454.9617
1771070400,87.25,87.64,85.99,87.41,77589.6774
1771084800,87.42,88.38,86.99,88.17,62310.5324
1771099200,88.18,88.83,87.3,88.04,109662.136
1771113600,88.04,88.71,87.34,88.56,59989.1024
1771128000,88.57,90.9,88.37,90.66,155053.005
1771142400,90.73,91.2,88.96,89.13,81946.9349
1771156800,89.13,89.55,86.62,87.35,96247.867
1771171200,87.36,87.82,85.19,85.29,95150.1626
1771185600,85.29,86.61,84.85,86.09,100152.3109
1771200000,86.1,86.56,84.81,85.09,72414.2551
1771214400,85.1,85.82,84.44,85.01,27032.177
1771228800,85.04,86.19,84.51,85.5,35817.9786
1771243200,85.5,86.85,82.53,83.15,99137.9329
1771257600,83.16,85.08,83.1,84.61,42378.1715
1771272000,84.6,86.61,84.49,86.42,57910.3409
1771286400,86.41,87.62,85.76,86.3,99429.0016
1771300800,86.32,86.73,85.45,86.43,37054.8508
1771315200,86.44,86.7,84.69,85.05,18938.0493
1771329600,85.07,85.49,82.78,83.75,109846.7468
1771344000,83.76,85.69,83.07,84.88,84985.7724
1771358400,84.83,85.42,84.5,85.02,25074.5356
1771372800,85.04,85.44,83.88,85.3,56226.7339
1771387200,85.31,85.5,84.65,85.24,37406.8393
1771401600,85.27,86.01,82.83,82.83,41543.4593
1771416000,82.83,83.99,81.69,82.93,114845.8617
1771430400,82.98,83.04,80.47,80.89,92799.9908
1771444800,80.89,81.61,80.87,81.56,49150.9802
1771459200,81.59,82,81.25,81.76,17012.8596
1771473600,81.75,82.61,81.38,82.36,59294.5999
1771488000,82.36,82.36,80.86,81.21,19120.7506
1771502400,81.21,81.26,79.62,80.58,76134.7494
1771516800,80.6,82.16,79.91,81.89,54560.2065
1771531200,81.92,82.49,81.69,82.49,44247.2983
1771545600,82.49,83.47,82.3,82.99,26118.4644
1771560000,83,83.88,82.4,83.42,39121.3774
1771574400,83.42,84.82,83.3,83.55,73917.2802
1771588800,83.56,84.72,81.75,84.38,155451.0427
1771603200,84.37,85.47,82.76,84.74,148717.5401
1771617600,84.74,85.19,84.13,84.62,18276.8194
1771632000,84.65,84.97,84.21,84.32,51198.0061
1771646400,84.33,84.77,83.95,84.22,10677.5137
1771660800,84.22,85.62,84.22,85.35,27943.311
1771675200,85.38,86.7,85,86.6,59492.0815
1771689600,86.57,86.68,85.8,86.2,53580.7214
1771704000,86.2,86.2,85.15,85.2,25172.8708
1771718400,85.16,85.54,84.75,85.06,34878.0518
1771732800,85.06,85.52,84.8,85.23,32170.1391
1771747200,85.23,85.42,84.86,85.24,15061.1132
1771761600,85.24,85.28,83,83.47,52690.9291
1771776000,83.48,83.58,82.77,83.28,22870.5705
1771790400,83.28,83.66,82.45,82.73,35298.7138
1771804800,82.7,82.78,77.3,77.65,141395.3948
1771819200,77.65,79.64,77.16,79.39,47305.151
1771833600,79.38,80.63,78.55,80.05,48347.0523
1771848000,80.05,81.1,79.24,79.42,63767.6569
1771862400,79.39,79.78,77.28,78.28,69334.1084
1771876800,78.29,78.89,77.63,77.86,276816.7162
1771891200,77.88,78.48,75.72,76.82,108981.9764
1771905600,76.87,77.29,76.11,76.82,35618.7751
1771920000,76.82,77.15,76,76.76,37578.7478
1771934400,76.77,77.45,75.64,77.29,83792.4623
1771948800,77.31,78.5,77.25,78.38,72811.9728
1771963200,78.39,79.6,78.16,78.96,38762.9521
1771977600,79.02,82.9,78.72,81.74,107316.5086
1771992000,81.76,82.42,80.97,82.19,69129.2902
1772006400,82.19,83.4,81.95,83.34,41055.8393
1772020800,83.38,86.43,82.92,86.01,117621.0508
1772035200,85.99,89.65,85.99,89.44,102079.8766
1772049600,89.47,92.05,87.11,88.05,121814.7799
1772064000,88.06,89.23,87.58,87.96,42335.6076
1772078400,87.94,89.06,87.25,87.25,33705.2126
1772092800,87.26,88.67,86.63,86.78,50610.3763
1772107200,86.82,88.2,85.31,86.57,70621.0492
1772121600,86.57,86.73,84.36,86.49,113010.5569
1772136000,86.48,86.84,85.77,85.89,35496.9601
1772150400,85.85,87.8,85.22,87.65,61081.5887
1772164800,87.63,88.28,86.82,87.32,28026.7122
1772179200,87.31,87.9,83.37,83.62,46297.9632
1772193600,83.6,83.75,82,82.72,112816.3106
1772208000,82.71,82.71,81.14,81.54,139947.1142
1772222400,81.57,82.07,80.32,81.87,46599.6693
1772236800,81.86,82.24,81.57,81.71,13829.9534
1772251200,81.74,81.89,77.16,78.78,117307.1018
1772265600,78.71,79.57,77.77,78.78,55869.0478
1772280000,78.8,81.5,78.65,80.93,96888.8233
1772294400,80.93,82.87,80.53,82.23,69454.4327
1772308800,82.22,85.67,82.01,84.38,90630.8435
1772323200,84.36,88.86,84.29,88.02,85185.5812
1772337600,88.02,88.22,86.18,86.63,68314.7543
1772352000,86.66,86.79,84.72,85.18,42515.619
1772366400,85.19,86.99,84.55,85.65,48968.4681
1772380800,85.68,86.07,83.08,83.24,79233.0309
1772395200,83.24,84.09,81.71,83.58,74681.4741
1772409600,83.63,86.15,83.47,84.74,46661.1049
1772424000,84.78,84.82,82.43,82.94,47721.3856
1772438400,82.95,84.26,82.39,83.88,40817.579
1772452800,83.89,88.97,82.81,88.76,99789.0204
1772467200,88.77,90.29,86.44,87.67,113356.5285
1772481600,87.67,88.22,86.39,86.59,83354.0061
1772496000,86.65,87.28,85.25,86.3,44707.9098
1772510400,86.3,86.74,85.39,85.57,24051.0638
1772524800,85.58,85.73,83.71,84.2,134711.6428
1772539200,84.2,85.33,82.5,85.03,94053.9183
1772553600,85.03,87.3,84.18,85.07,110269.359
1772568000,85.08,87.43,84.19,86.99,79928.7307
1772582400,86.97,88.1,85.23,85.78,66205.218
1772596800,85.77,87.51,84.8,87.48,67154.0851
1772611200,87.42,91.42,87.01,89.75,123481.124
1772625600,89.78,93.1,88.68,92.97,155493.1397
1772640000,92.98,94.1,90.73,93.22,154608.289
1772654400,93.24,93.81,90.3,90.89,72575.5704
1772668800,90.89,91.41,89.64,90.02,47198.0578
1772683200,90.04,91.29,89.73,90.15,35832.2989
1772697600,90.16,92.96,89.66,91.85,75170.0806
1772712000,91.86,92.2,88.84,89.61,95085.7427
1772726400,89.62,89.65,87.94,88.78,103050.4841
1772740800,88.76,89.84,88.59,88.79,40968.8604
1772755200,88.8,89.3,88.06,88.41,48404.4636
1772769600,88.42,88.86,87.53,88.69,95161.1941
1772784000,88.7,88.7,87.15,87.26,61561.1258
1772798400,87.27,87.28,83.97,84.64,170491.7283
1772812800,84.66,85.86,83.67,85.23,98480.7673
1772827200,85.23,85.48,84.45,84.69,37438.5387
1772841600,84.69,85.05,84.32,84.56,27274.9006
1772856000,84.55,84.55,83.9,84.33,42627.5271
1772870400,84.33,84.9,84.13,84.65,18788.1473
1772884800,84.67,84.77,83.42,83.77,42805.8539
1772899200,83.77,84.05,82.31,82.52,42663.0694
1772913600,82.52,83.31,82.52,83.23,21985.0418
1772928000,83.23,83.48,82.15,82.34,55915.1271
1772942400,82.34,83.06,81.75,82.93,41806.9906
1772956800,82.94,84.08,82.56,82.82,31066.3083
1772971200,82.81,82.97,81.2,82.01,63766.6386
1772985600,82.07,82.63,81.32,82.46,31301.781
1773000000,82.5,82.93,80.29,81.58,96741.5782
1773014400,81.59,84.5,81.56,83.15,172435.9288
1773028800,83.16,84.56,82.36,83.11,84166.6521
1773043200,83.14,84.6,83.07,83.6,97893.4761
1773057600,83.58,85.7,83.41,85.08,115881.3703
1773072000,85.06,87.08,84.32,86.02,71916.1488
1773086400,86,86.35,84.85,85,70905.4115
1773100800,84.96,86.88,84.84,85.57,76709.2115
1773115200,85.57,86.94,85.39,86.68,74555.2273
1773129600,86.7,87.67,86.62,86.81,56221.9818
1773144000,86.81,88.57,84.91,88.35,123995.1186
1773158400,88.36,88.84,85.69,86.02,88522.3433
1773172800,86.02,86.45,85.01,85.9,60606.9314
1773187200,85.88,86.4,85.49,85.67,100370.2777
1773201600,85.64,86.88,85.18,85.5,33216.8624
1773216000,85.46,85.61,84.41,84.59,42697.3758
1773230400,84.54,87.39,84.36,85.43,143036.9781
1773244800,85.41,88.08,85.35,87.27,89430.5938
1773259200,87.28,87.91,86.5,86.58,32680.5864
1773273600,86.6,86.78,84.75,85.04,95914.7824
1773288000,85.04,85.88,84.91,85.81,33927.6298
1773302400,85.84,87.12,85.43,86.82,58348.2133
1773316800,86.84,87.68,85.09,86.59,98658.3973
1773331200,86.6,87.1,85.73,86.83,41883.0793
1773345600,86.82,87.2,85.96,86.83,34236.8328
1773360000,86.81,91.12,86.75,89.73,146282.5402
1773374400,89.71,89.73,88.2,88.7,50241.2161
1773388800,88.69,90.45,88.37,90.36,59961.8965
1773403200,90.36,92.98,89.34,89.51,186866.6233
1773417600,89.53,90.13,88.39,88.89,121679.1377
1773432000,88.94,89.17,87.68,88.2,58746.2214
1773446400,88.19,88.63,87.84,88.42,15737.2385
1773460800,88.42,88.71,86.96,87.33,38934.2149
1773475200,87.34,87.55,86.54,86.97,27640.8436
1773489600,86.93,87.38,86.63,86.76,28508.3168
1773504000,86.76,87.13,86.63,87.02,21669.3933
1773518400,87.03,88.18,86.89,88.05,36519.0657
1773532800,88.07,88.63,87.6,87.85,35052.4719
1773547200,87.88,88.64,87.88,88.22,32865.3173
1773561600,88.23,88.85,88.16,88.57,44535.6088
1773576000,88.58,88.58,87.41,87.93,36090.8862
1773590400,87.93,88.81,87.48,88.22,11652.0601
1773604800,88.21,93.2,88.03,92.33,142913.739
1773619200,92.31,93.96,91.18,93.15,184255.9009
1773633600,93.17,94.28,92.94,93.58,105222.1403
1773648000,93.59,93.99,92.47,93.75,56200.3096
1773662400,93.77,95.13,92.43,93.19,117184.0404
1773676800,93.2,95.47,93.15,95.24,53622.2341
1773691200,95.23,97.67,95.08,96.17,111215.2651
1773705600,96.2,96.94,93.77,94.08,73613.1603
1773720000,94.08,94.66,93.23,94.44,121657.3059
1773734400,94.44,95.11,93.26,93.67,91964.6427
1773748800,93.66,95.13,93.2,93.84,80280.7017
1773763200,93.85,95.61,93.77,94.71,73875.4925
1773777600,94.69,95.62,94.42,94.65,32770.8571
1773792000,94.65,95.63,94.14,95.1,37011.1434
1773806400,95.1,95.11,93.8,93.97,50679.2447
1773820800,93.98,94.44,91.87,92.04,66675.6738
1773835200,92.03,92.03,88.6,89.44,120014.5862
1773849600,89.38,90.84,88.67,89.72,65876.9783
1773864000,89.73,90.61,89.02,90.11,40120.7034
1773878400,90.07,91.43,89.85,90.76,27007.2954
1773892800,90.75,90.75,88.67,89.46,47049.6325
1773907200,89.43,90.46,89.11,89.6,30946.0904
1773921600,89.61,89.62,87.19,87.63,77254.714
1773936000,87.64,89.24,86.98,88.72,51619.7716
1773950400,88.73,89.31,88.41,88.88,31508.4881
1773964800,88.91,89.77,88.88,89.6,24924.7534
1773979200,89.57,89.74,88.52,89.36,24115.5016
1773993600,89.39,90.45,88.63,89.14,38343.777
1774008000,89.14,89.71,88.51,88.95,46333.0931
1774022400,88.94,89.19,88.14,88.94,30486.6476
1774036800,89.01,90.23,88.66,89.86,34586.724
1774051200,89.85,90.81,89.74,90.46,20828.0266
1774065600,90.45,90.79,89.94,90.09,18202.7983
1774080000,90.13,90.34,89.8,89.93,28047.9881
1774094400,89.94,90.37,89.37,89.83,29328.6073
1774108800,89.83,89.95,89.4,89.78,17178.3615
1774123200,89.79,90.25,87.16,87.56,47133.6013
1774137600,87.56,89.11,86.24,88.65,76171.099
1774152000,88.66,89.15,87.69,87.71,47481.618
1774166400,87.71,87.72,86.85,86.86,69388.395
1774180800,86.85,87.68,86.84,87.52,21819.5576
1774195200,87.56,87.67,86.53,86.87,39132.8338
1774209600,86.88,87.15,85.1,86.19,118917.3444
1774224000,86.21,87.17,85.49,86.4,34474.8778
1774238400,86.4,87.27,85.11,85.99,34804.2044
1774252800,85.98,91.9,85.2,88.7,131397.6717
1774267200,88.75,92.21,88.34,89.95,110395.8389
1774281600,89.94,91.86,89.38,91.39,62426.8965
1774296000,91.37,91.98,90.99,91.43,29837.8792
1774310400,91.41,91.64,89.95,90.31,22208.5005
1774324800,90.32,91.83,89.98,91.67,38157.0444
1774339200,91.71,92.18,91.12,91.76,50968.6477
1774353600,91.76,91.81,88.7,89.73,90926.3532
1774368000,89.72,89.93,88.41,88.47,67049.3734
1774382400,88.49,91.13,88.46,90.78,68273.2454
1774396800,90.79,91.87,90.74,91.64,50111.4018
1774411200,91.66,92.9,91.57,91.76,46811.916
1774425600,91.77,93.45,91.77,92.92,48263.2936
1774440000,92.94,93.4,91.01,91.8,78297.134
1774454400,91.76,92.7,91.39,91.7,56433.5947
1774468800,91.72,91.89,91.01,91.66,27411.285
1774483200,91.66,91.93,90.58,91.05,49948.8923
1774497600,91.05,91.05,88.78,89.06,77752.6489
1774512000,89.07,89.09,87.44,87.52,27906.1412
1774526400,87.53,88.17,86.66,87.5,70576.9249
1774540800,87.5,87.69,85.42,85.42,110832.632
1774555200,85.43,87.07,85.41,86.48,50872.3467
1774569600,86.47,86.97,86.16,86.37,20584.9002
1774584000,86.38,86.71,85.65,85.83,25837.9951
1774598400,85.89,86.04,82.6,83.34,121680.6281
1774612800,83.35,83.95,82.47,83.31,69161.8246
1774627200,83.3,83.37,81.83,82.79,47063.9597
1774641600,82.75,83.06,82.31,83.05,18171.2794
1774656000,83.05,83.05,82.2,82.55,35910.7572
1774670400,82.55,83.58,82.35,83.58,39800.3211
1774684800,83.58,83.61,82.66,82.92,40178.3053
1774699200,82.92,84.2,82.58,83.76,71101.5549
1774713600,83.76,83.86,83.01,83.23,17637.8937
1774728000,83.23,83.46,81.68,82.02,73428.5846
1774742400,82.04,83.14,81.84,82.95,10212.6092
1774756800,82.95,82.97,82.2,82.41,8900.8265
1774771200,82.39,82.78,81.91,82.52,24308.68
1774785600,82.53,82.57,81.35,81.75,30455.4736
1774800000,81.77,82.03,81.1,81.56,18701.8831
1774814400,81.55,82.17,78.95,81.34,85593.6439
1774828800,81.38,83.86,81.1,83.2,79545.813
1774843200,83.22,84.18,83.2,83.94,47874.6133
1774857600,83.94,84.95,83.55,84.16,106131.4896
1774872000,84.21,84.87,83.6,84.45,37867.0064
1774886400,84.44,84.47,81.93,82.33,87918.6378
1774900800,82.32,83.57,82.11,82.49,43532.0649
1774915200,82.49,84.5,82.13,83.51,36759.2027
1774929600,83.53,83.8,82.63,83,19372.7543
1774944000,83.03,83.23,80.05,80.79,189377.8417
1774958400,80.79,82.52,80.32,80.75,50907.0018
1774972800,80.81,83.36,80.81,82.64,92820.1288
1774987200,82.64,83.33,82.28,83.11,51641.2755
