quarter,pair,side,entry_ts,exit_ts,entry_idx,exit_idx,hold_candles,entry_price,exit_price,size_usd,pnl_usd,pnl_pct,regime_entry,regime_exit,exit_cat,exit_reason
q4_2024,ETH/USD,long,2024-10-07 16:00,2024-10-09 08:00,40,50,10,2588.140817697,2763.1325955735,1600.0,102.88494861396413,6.430309288372758,unknown,unknown,SIGNAL,"Above VWAP (+5.97%), P&L: 6.81%"
q4_2024,XRP/USD,long,2024-10-11 12:00,2024-10-12 08:00,63,68,5,0.5306281815,0.5698849149999999,1818.5192907505136,128.4994684079573,7.066159213242374,unknown,unknown,SIGNAL,"Above VWAP (+4.27%), P&L: 7.45%"
q4_2024,LINK/USD,long,2024-10-12 12:00,2024-10-13 00:00,69,72,3,10.9588176705,11.795858120500002,1841.649195063946,134.54476402834544,7.305667354507967,unknown,unknown,TP,Take profit: 7.69% (ATR target: 7.56%)
q4_2024,LINK/USD,short,2024-10-13 04:00,2024-10-15 08:00,73,86,13,11.925330352,11.102477464499998,1969.5265443995506,129.81616739062966,6.591237257490566,unknown,unknown,SIGNAL,"Price at lower BB, cover short. P&L: 6.95%"
q4_2024,NEAR/USD,long,2024-10-07 12:00,2024-10-19 04:00,39,109,70,4.764048834,5.116322559,1800.0,127.12359355579089,7.062421864210605,unknown,bull,SIGNAL,"Price at upper BB, P&L: 7.45%"
q4_2024,LINK/USD,short,2024-10-16 04:00,2024-10-21 00:00,91,120,29,12.4909963775,11.393366836499998,2099.149069688179,178.04097687644636,8.481578533290811,unknown,bull,SIGNAL,"Price at lower BB, cover short. P&L: 8.83%"
q4_2024,XRP/USD,long,2024-10-20 04:00,2024-10-21 04:00,115,121,6,0.5314245795,0.4875590985,1912.1164095594038,-163.70136568831555,-8.56126566719001,bull,bull,STOP,Stop loss: -8.21% (ATR stop: -5.00%)
q4_2024,DOT/USD,long,2024-10-15 20:00,2024-10-27 08:00,89,158,69,4.3021189845,4.683438109500001,1889.2341627193614,161.13599493548128,8.529170079348042,unknown,bull,SIGNAL,"Above VWAP (+7.09%), P&L: 8.92%"
q4_2024,ETH/USD,long,2024-10-13 20:00,2024-10-30 04:00,77,175,98,2600.36881464,2445.3238814225006,1658.5486689680429,-104.04135904284166,-6.273036238820577,unknown,bull,STOP,Stop loss: -5.92% (ATR stop: -5.00%)
q4_2024,ETH/USD,long,2024-10-31 00:00,2024-11-02 08:00,180,194,14,2502.706756014,2633.3047139875002,1924.9745740339422,94.12654207839246,4.889755082901826,bull,bull,SIGNAL,"Above VWAP (+1.17%), P&L: 5.27%"
q4_2024,NEAR/USD,long,2024-11-04 04:00,2024-11-04 20:00,205,209,4,4.808751173999999,5.286392481500001,2049.8016489196116,196.71313479655103,9.596691216451728,bull,bull,SIGNAL,"Price at upper BB, P&L: 9.99%"
q4_2024,SOL/USD,long,2024-11-03 08:00,2024-11-07 08:00,200,224,24,162.70645957349998,176.30642269,1510.380162361819,121.2087312918886,8.02504788611309,bull,bull,TP,Take profit: 8.41% (ATR target: 8.35%)
q4_2024,ETH/USD,long,2024-11-05 08:00,2024-11-07 20:00,212,227,15,2689.7939458604997,2933.3018243955003,1757.622858552384,153.23621978594184,8.718378862695863,bull,bull,SIGNAL,"Above VWAP (+12.16%), P&L: 9.11%"
q4_2024,ETH/USD,long,2024-11-16 20:00,2024-11-21 12:00,281,309,28,3259.145528385,3517.5903859695004,1801.534050724837,136.86219521896336,7.5969807600304655,bull,bull,TP,Take profit: 7.98% (ATR target: 7.40%)
q4_2024,ETH/USD,long,2024-11-24 08:00,2024-12-02 20:00,326,377,51,3550.3409503334997,3772.221169888,1823.4320019598713,107.93591544387169,5.919382534027012,bull,bull,SIGNAL,"Above VWAP (+26.90%), P&L: 6.30%"
q4_2024,SOL/USD,long,2024-12-06 20:00,2024-12-09 08:00,401,416,15,233.971359216,221.395718764,1840.7017484308908,-104.67001588682582,-5.686419104890401,bull,bull,STOP,Stop loss: -5.33% (ATR stop: -5.00%)
q4_2024,SOL/USD,long,2024-12-13 08:00,2024-12-13 20:00,440,443,3,228.901843725,214.4210288535,1595.9602276528735,-105.91182360598503,-6.636244548634278,bull,bull,STOP,Stop loss: -6.28% (ATR stop: -5.00%)
q4_2024,SOL/USD,long,2024-12-15 08:00,2024-12-17 20:00,452,467,15,229.510802052,211.566076044,1807.008654112041,-146.84346049052346,-8.126328568286903,bull,bull,STOP,Stop loss: -7.77% (ATR stop: -5.00%)
q4_2024,POL/USD,short,2024-12-20 08:00,2024-12-21 08:00,482,488,6,0.5546115555,0.598761231,1248.45959030349,-103.53523321370908,-8.293038398506798,bear,bear,STOP,Short SL: -7.91% (stop: -5.00%)
q4_2024,XRP/USD,short,2024-12-21 20:00,2024-12-22 12:00,491,495,4,2.430710037,2.580311511,1501.9058536514592,-97.38843267982692,-6.484323397705288,bear,bear,STOP,Short SL: -6.10% (stop: -5.00%)
q4_2024,ATOM/USD,short,2024-12-19 20:00,2024-12-23 08:00,479,500,21,8.38508536,7.4340341594999995,1248.45959030349,137.83587068936038,11.040475139115529,bear,bear,TP,Short TP: 11.39% (target: 10.00%)
q4_2024,POL/USD,short,2024-12-21 20:00,2024-12-23 08:00,491,500,9,0.5477569845000001,0.49846710899999996,1236.8636441835545,107.52109686635922,8.693043681248565,bear,bear,SIGNAL,"RSI+Stoch oversold, cover short. P&L: 9.04%"
q4_2024,AVAX/USD,short,2024-12-20 20:00,2024-12-23 20:00,485,503,18,47.29882275800001,44.8748111925,1248.45959030349,60.09139950263042,4.813243453720654,bear,bear,SIGNAL,"RSI+Stoch oversold, cover short. P&L: 5.17%"
q4_2024,NEAR/USD,short,2024-12-22 16:00,2024-12-25 16:00,496,514,18,6.117275832000001,5.648552865,1576.2293225015324,115.92687823685003,7.3546962096143425,bear,bear,SIGNAL,"Price at lower BB, cover short. P&L: 7.71%"
q4_2024,ATOM/USD,short,2024-12-26 08:00,2024-12-27 08:00,518,524,6,6.795286657,7.239765073499999,1545.96806016715,-106.22781647081094,-6.8712814454475595,bear,bull,STOP,Short SL: -6.49% (stop: -5.00%)
q4_2024,AVAX/USD,short,2024-12-24 20:00,2024-12-28 20:00,509,533,24,43.580950624,40.3020819705,1260.166356833949,90.93133475066014,7.215819900089752,bear,bull,TP,Short TP: 7.57% (target: 7.06%)
q4_2024,DOT/USD,short,2024-12-26 04:00,2024-12-29 00:00,517,534,17,7.163650383,7.540956594,1545.96806016715,-86.50027514673486,-5.595217480585107,bear,bull,STOP,Short SL: -5.21% (stop: -4.73%)
q4_2024,POL/USD,short,2024-12-24 20:00,2024-12-29 08:00,509,536,27,0.483432163,0.508680213,1620.213887357935,-89.93578296604095,-5.550858665499914,bear,bull,STOP,Short SL: -5.17% (stop: -5.00%)
q4_2024,NEAR/USD,short,2024-12-25 20:00,2024-12-29 16:00,515,538,23,5.732533299500001,5.2544369054999995,1545.96806016715,124.1961447040003,8.033551785705859,bear,bull,SIGNAL,"Price at lower BB, cover short. P&L: 8.39%"
q4_2024,POL/USD,short,2024-12-29 20:00,2024-12-30 00:00,539,540,1,0.42753612500000004,0.45199288349999994,1627.182116925476,-98.4344921598923,-6.049383848065025,bear,bear,STOP,Short SL: -5.67% (stop: -5.00%)
q4_2024,LINK/USD,long,2024-12-26 16:00,2024-12-31 04:00,520,547,27,23.383898106,22.0458745485,1818.7859531378235,-109.72712047907976,-6.032987020257951,bull,bear,STOP,Stop loss: -5.67% (ATR stop: -5.00%)
q4_2024,ATOM/USD,short,2024-12-30 04:00,2024-12-31 12:00,541,549,8,6.416259265500001,6.7291298835,1613.0075500544513,-83.93854783015223,-5.203853374853618,bear,bear,STOP,Short SL: -4.82% (stop: -4.68%)
q4_2024,POL/USD,short,2024-12-30 08:00,2024-12-31 12:00,542,549,7,0.44271753050000007,0.46882129349999996,1702.6190806130317,-105.9969970807918,-6.2255262076956965,bear,bear,STOP,Short SL: -5.84% (stop: -5.00%)
q1_2025,LINK/USD,long,2025-01-07 12:00,2025-01-08 04:00,39,43,4,22.07311104,20.874947305000003,2000.0,-114.79260757605228,-5.739630378802614,unknown,unknown,STOP,Stop loss: -5.38% (ATR stop: -5.00%)
q1_2025,DOT/USD,long,2025-01-08 04:00,2025-01-09 16:00,43,52,9,6.8799382499999995,6.532432150000001,1800.0,-96.53544791123285,-5.363080439512936,unknown,unknown,STOP,Stop loss: -5.00% (ATR stop: -5.00%)
q1_2025,ETH/USD,long,2025-01-13 00:00,2025-01-13 08:00,72,74,2,3241.790085,3051.59344,1957.7343889025433,-120.94478552524194,-6.177793382535439,unknown,unknown,STOP,Stop loss: -5.82% (ATR stop: -4.22%)
q1_2025,LINK/USD,long,2025-01-12 20:00,2025-01-13 08:00,71,74,3,19.843556819999996,18.092349300000002,1761.960950012289,-160.88644309759584,-9.131101520523126,unknown,unknown,STOP,Stop loss: -8.78% (ATR stop: -5.00%)
q1_2025,XRP/USD,short,2025-01-11 20:00,2025-01-13 08:00,65,74,9,2.574482115,2.33904894,1761.960950012289,155.75135075053853,8.83965962749925,unknown,unknown,TP,Short TP: 9.19% (target: 7.91%)
q1_2025,NEAR/USD,long,2025-01-13 08:00,2025-01-14 12:00,74,81,7,4.4592285,4.935531,1957.7343889025433,202.50838453725004,10.344017333769735,unknown,unknown,TP,Take profit: 10.74% (ATR target: 10.00%)
q1_2025,DOT/USD,long,2025-01-13 08:00,2025-01-15 00:00,74,84,10,6.05392545,6.69155255,1957.7343889025433,199.59957092368418,10.19543672804229,unknown,unknown,TP,Take profit: 10.59% (ATR target: 10.00%)
q1_2025,XRP/USD,short,2025-01-15 00:00,2025-01-15 12:00,84,87,3,2.827815385,2.972135325,1811.6460039782437,-98.40110855490863,-5.431585880399753,unknown,unknown,STOP,Short SL: -5.05% (stop: -5.00%)
q1_2025,LINK/USD,short,2025-01-15 12:00,2025-01-16 12:00,87,93,6,21.611618785,23.316242295,1811.6460039782437,-148.91705686097052,-8.2199864948207,unknown,unknown,STOP,Short SL: -7.83% (stop: -5.00%)
q1_2025,XRP/USD,short,2025-01-15 20:00,2025-01-16 12:00,89,93,4,3.139339545,3.3082432949999996,1793.9338044383603,-102.40986930061513,-5.708676041849678,unknown,unknown,STOP,Short SL: -5.33% (stop: -5.00%)
q1_2025,BTC/USD,short,2025-01-15 12:00,2025-01-17 12:00,87,99,12,98965.8923,104095.22159999999,1811.6460039782437,-99.84080544126547,-5.51105487617461,unknown,bull,STOP,Short SL: -5.13% (stop: -4.00%)
q1_2025,NEAR/USD,short,2025-01-17 04:00,2025-01-17 20:00,97,101,4,5.3973,5.755876499999999,1554.3955179815778,-108.404971262676,-6.974091858129044,unknown,bull,STOP,Short SL: -6.59% (stop: -5.00%)
q1_2025,LINK/USD,short,2025-01-16 16:00,2025-01-17 20:00,94,101,7,23.696935605,25.11012879,1748.694957729275,-110.04517332094576,-6.292988541800465,unknown,bull,STOP,Short SL: -5.91% (stop: -5.00%)
q1_2025,ETH/USD,short,2025-01-15 16:00,2025-01-19 08:00,88,110,22,3433.3624600000003,3145.51197,1893.5967935738245,152.95511626218425,8.077491300220723,unknown,bull,SIGNAL,"RSI+Stoch oversold, cover short. P&L: 8.43%"
q1_2025,LINK/USD,long,2025-01-19 08:00,2025-01-19 12:00,110,111,1,22.398033419999997,25.366240535000003,1718.9345076519885,221.92672033837732,12.910714128458702,bull,bull,TP,Take profit: 13.31% (ATR target: 10.00%)
q1_2025,DOT/USD,long,2025-01-26 20:00,2025-01-27 04:00,155,157,2,6.1786878,5.68805455,1954.312574792107,-161.19529477107292,-8.248183880627199,bull,bull,STOP,Stop loss: -7.89% (ATR stop: -5.00%)
q1_2025,ETH/USD,long,2025-01-26 20:00,2025-01-27 04:00,155,157,2,3235.0867349999994,3068.4749950000005,1758.8813173128963,-96.07120893456982,-5.462063186920487,bull,bull,STOP,Stop loss: -5.10% (ATR stop: -4.37%)
q1_2025,BTC/USD,long,2025-01-27 04:00,2025-01-27 20:00,157,161,4,99054.70259999999,102082.23335000001,1902.8592740509785,51.97413335732193,2.7313703155081304,bull,bear,SIGNAL,"Above VWAP (+1.88%), P&L: 3.11%"
q1_2025,AVAX/USD,short,2025-01-28 20:00,2025-01-30 08:00,167,176,9,32.04397,34.006995,1301.012788491261,-83.98912253567322,-6.455672325332978,bear,bear,STOP,Short SL: -6.07% (stop: -5.00%)
q1_2025,DOT/USD,long,2025-01-27 08:00,2025-01-30 12:00,158,177,19,5.6332151999999995,6.2083942500000004,1712.5733466458807,169.09928939313087,9.873988154978367,bull,bear,TP,Take profit: 10.27% (ATR target: 9.05%)
q1_2025,LINK/USD,long,2025-01-27 04:00,2025-01-30 12:00,157,177,20,22.848318449999997,24.84930913,1902.8592740509785,160.28803495794492,8.42353594633981,bull,bear,SIGNAL,"RSI+Stoch overbought (RSI=77.6, %K=88.5), P&L: 8.81%"
q1_2025,ETH/USD,short,2025-01-27 12:00,2025-01-30 16:00,159,178,19,3130.0042150000004,3273.71604,1293.9443063546655,-63.644055076842456,-4.918608533943952,bear,bear,STOP,Short SL: -4.54% (stop: -4.21%)
q1_2025,ATOM/USD,short,2025-01-27 20:00,2025-01-31 08:00,161,182,21,5.98450625,6.288642749999999,1293.9443063546655,-70.00280464975155,-5.4100322792845175,bear,bull,STOP,Short SL: -5.03% (stop: -5.00%)
q1_2025,NEAR/USD,short,2025-01-27 12:00,2025-02-01 20:00,159,191,32,4.605696,4.2611295,1293.9443063546655,92.82027167758949,7.173436385302026,bear,bull,SIGNAL,"Price at lower BB, cover short. P&L: 7.53%"
q1_2025,LINK/USD,long,2025-02-01 20:00,2025-02-02 16:00,191,196,5,22.998523515,20.72984989,1954.1684234757222,-198.71549104795756,-10.16880063462075,bull,bull,STOP,Stop loss: -9.82% (ATR stop: -5.00%)
q1_2025,XRP/USD,long,2025-02-01 20:00,2025-02-02 16:00,191,196,5,2.8793389499999997,2.668235215,1758.75158112815,-134.3703286102408,-7.640097103654003,bull,bull,STOP,Stop loss: -7.29% (ATR stop: -5.00%)
q1_2025,POL/USD,long,2025-02-02 20:00,2025-02-03 08:00,197,200,3,0.33317650499999996,0.30698643000000003,1887.5512595440825,-154.1808006327564,-8.168297409310997,bull,bear,STOP,Stop loss: -7.81% (ATR stop: -5.00%)
q1_2025,DOT/USD,short,2025-02-03 04:00,2025-02-03 16:00,199,202,3,4.7092442,5.1827901,1359.0369068717396,-141.2255121113537,-10.391587704297866,bear,bear,STOP,Short SL: -10.00% (stop: -5.00%)
q1_2025,ATOM/USD,short,2025-02-03 08:00,2025-02-03 20:00,200,203,3,4.3355311500000004,4.92996375,1132.5307557264498,-159.14874458833657,-14.052487650655658,bear,bear,STOP,Short SL: -13.65% (stop: -5.00%)
q1_2025,SOL/USD,short,2025-02-03 08:00,2025-02-03 20:00,200,203,3,198.65062500000002,216.638265,1434.5389572535028,-134.692204852261,-9.38923297769034,bear,bear,STOP,Short SL: -9.00% (stop: -5.00%)
q1_2025,NEAR/USD,short,2025-02-04 04:00,2025-02-04 12:00,205,207,2,3.3123430000000003,3.5037509999999994,1274.185301117142,-77.82354031576213,-6.107709785031293,bear,bear,STOP,Short SL: -5.73% (stop: -5.00%)
q1_2025,LINK/USD,short,2025-02-04 04:00,2025-02-08 08:00,205,230,25,19.657386390000003,18.070140555,1274.185301117142,98.97393044301464,7.767624564201081,bear,bear,SIGNAL,"RSI+Stoch oversold, cover short. P&L: 8.12%"
q1_2025,NEAR/USD,short,2025-02-04 20:00,2025-02-10 00:00,209,240,31,3.394302,3.1345665,1192.8132273499127,87.60617560211892,7.344500680693708,bear,bear,SIGNAL,"Price at lower BB, cover short. P&L: 7.70%"
q1_2025,DOT/USD,short,2025-02-04 04:00,2025-02-11 00:00,205,246,41,4.64417675,4.988793149999999,1344.9733734014274,-104.26374448446244,-7.752104729090675,bear,bear,STOP,Short SL: -7.37% (stop: -5.00%)
q1_2025,ATOM/USD,short,2025-02-04 08:00,2025-02-11 08:00,206,248,42,4.598199750000001,4.9235605499999995,1061.821084264285,-78.64893613240223,-7.406985724614475,bear,bear,STOP,Short SL: -7.02% (stop: -4.90%)
q1_2025,NEAR/USD,short,2025-02-10 08:00,2025-02-12 20:00,242,257,15,3.2473755000000004,3.4287134999999997,1146.5299969619305,-67.79329067471907,-5.912910334169834,bear,bear,STOP,Short SL: -5.53% (stop: -5.00%)
q1_2025,ETH/USD,short,2025-02-08 12:00,2025-02-12 20:00,231,257,26,2602.27821,2739.2189249999997,1277.2309572954664,-71.40481088314506,-5.590595066247422,bear,bear,STOP,Short SL: -5.21% (stop: -5.00%)
q1_2025,POL/USD,short,2025-02-04 08:00,2025-02-16 08:00,206,278,72,0.315951945,0.33186584999999996,1203.3972288328562,-64.55873197446029,-5.364706717587685,bear,bear,STOP,Short SL: -4.98% (stop: -4.21%)
q1_2025,SOL/USD,short,2025-02-05 20:00,2025-02-17 20:00,215,287,72,195.84203000000002,177.478695,1333.1441952734317,120.9396524401992,9.071760794442355,bear,bull,SIGNAL,"RSI+Stoch oversold, cover short. P&L: 9.42%"
q1_2025,XRP/USD,short,2025-02-14 16:00,2025-02-18 04:00,268,289,21,2.786755925,2.5646817,1243.4622939490107,95.27183520602037,7.661819394897315,bear,bull,TP,Short TP: 8.01% (target: 6.55%)
q1_2025,AVAX/USD,short,2025-02-04 08:00,2025-02-18 08:00,206,290,84,26.456765,23.911949999999997,1344.9733734014274,125.27500176431501,9.314310918103567,bear,bull,TP,Short TP: 9.66% (target: 7.32%)
q1_2025,LINK/USD,short,2025-02-11 00:00,2025-02-18 12:00,246,291,45,19.28981027,17.669960565,1345.6562822306537,108.87740491076873,8.091026389761726,bear,bull,SIGNAL,"RSI+Stoch oversold, cover short. P&L: 8.44%"
q1_2025,BTC/USD,long,2025-02-17 12:00,2025-02-20 16:00,285,304,19,95732.34225,98349.80050000001,1628.413256552019,39.238331510076264,2.4096052615758605,bull,bear,TP,Take profit: 2.79% (ATR target: 1.87%)
q1_2025,ETH/USD,long,2025-02-18 04:00,2025-02-21 08:00,289,308,19,2673.486075,2787.535535,1390.6457183289745,54.77693151561994,3.9389566151644226,bull,bear,SIGNAL,"Price at upper BB, P&L: 4.32%"
q1_2025,AVAX/USD,short,2025-02-21 08:00,2025-02-24 20:00,308,329,21,25.657165000000003,21.890939999999997,1014.7422110500942,145.94705113948473,14.382672717285814,bear,bull,TP,Short TP: 14.72% (target: 8.76%)
q1_2025,ATOM/USD,short,2025-02-12 20:00,2025-02-24 20:00,257,329,72,5.069464,4.352174999999999,1044.7871555968195,144.72386766684318,13.851995297948678,bear,bull,TP,Short TP: 14.19% (target: 10.00%)
q1_2025,SOL/USD,short,2025-02-19 20:00,2025-02-24 20:00,299,329,30,168.77557000000002,141.92092499999998,1226.8505574754586,191.597966830364,15.617058301267198,bear,bull,TP,Short TP: 15.95% (target: 10.00%)
q1_2025,BTC/USD,short,2025-02-21 16:00,2025-02-24 20:00,310,329,19,95195.67835,91580.1672,1239.6366332469531,43.19156793148666,3.4842119676921715,bear,bull,TP,Short TP: 3.85% (target: 2.61%)
q1_2025,XRP/USD,short,2025-02-21 16:00,2025-02-24 20:00,310,329,19,2.522508115,2.2761375,1239.6366332469531,117.30272492708261,9.462670090656658,bear,bull,TP,Short TP: 9.81% (target: 7.62%)
q1_2025,POL/USD,short,2025-02-19 20:00,2025-02-24 20:00,299,329,30,0.300939455,0.26703345,1010.3475179209657,110.78356957440738,10.964897484221208,bear,bull,TP,Short TP: 11.31% (target: 10.00%)
q1_2025,ETH/USD,long,2025-02-21 16:00,2025-02-25 00:00,310,330,20,2640.63966,2492.343205,1458.3960391140627,-86.4405809654506,-5.92709926845118,bear,bull,STOP,Stop loss: -5.57% (ATR stop: -5.00%)
q1_2025,BTC/USD,long,2025-02-25 04:00,2025-02-26 16:00,331,340,9,89395.6755,83679.63925000001,1956.4162823134216,-131.15834733900834,-6.704010211155897,bull,bear,STOP,Stop loss: -6.35% (ATR stop: -5.00%)
q1_2025,NEAR/USD,short,2025-02-26 16:00,2025-02-27 04:00,340,343,3,2.9335325,3.0905444999999996,1486.8763745582005,-84.46525140172358,-5.680717835524218,bear,bear,STOP,Short SL: -5.30% (stop: -5.00%)
q1_2025,DOT/USD,long,2025-02-24 20:00,2025-02-27 04:00,329,343,14,4.41030405,4.993502,1693.0163093884596,218.09780418507535,12.88220337722885,bull,bear,TP,Take profit: 13.28% (ATR target: 10.00%)
q1_2025,AVAX/USD,short,2025-02-26 20:00,2025-02-27 08:00,341,344,3,21.819085,23.031509999999997,1080.903383193547,-63.615965419197124,-5.8854441949513285,bear,bear,STOP,Short SL: -5.50% (stop: -5.00%)
q1_2025,ETH/USD,long,2025-02-25 04:00,2025-02-28 00:00,331,348,17,2370.274545,2141.1588850000003,1956.4162823134216,-195.07219390945323,-9.970894010286218,bull,bear,STOP,Stop loss: -9.62% (ATR stop: -5.00%)
q1_2025,LINK/USD,long,2025-02-24 20:00,2025-02-28 00:00,329,348,19,15.248300339999998,13.834449315,1919.4488260199169,-183.8353026482558,-9.57750475845967,bull,bear,STOP,Stop loss: -9.23% (ATR stop: -5.00%)
q1_2025,BTC/USD,short,2025-02-27 04:00,2025-02-28 00:00,343,348,5,86179.2888,80362.06094999998,1330.6995639135575,85.71170123191554,6.44110087327596,bear,bear,SIGNAL,"RSI+Stoch oversold, cover short. P&L: 6.80%"
q1_2025,XRP/USD,short,2025-02-26 16:00,2025-02-28 04:00,340,349,9,2.1760514300000002,1.9990190099999998,1312.5255367350214,102.75314930262856,7.828659056663582,bear,bear,SIGNAL,"RSI+Stoch oversold, cover short. P&L: 8.18%"
q1_2025,NEAR/USD,short,2025-02-28 04:00,2025-02-28 12:00,349,351,2,2.814592,3.0275129999999995,1357.5951153023705,-107.20705015592307,-7.896835289661849,bear,bear,STOP,Short SL: -7.51% (stop: -5.00%)
q1_2025,AVAX/USD,short,2025-02-28 08:00,2025-02-28 20:00,350,353,3,20.939525,22.361175,1372.391568801949,-97.71443040565455,-7.120010981337923,bear,bear,STOP,Short SL: -6.74% (stop: -5.00%)
q1_2025,ATOM/USD,short,2025-02-28 08:00,2025-02-28 20:00,350,353,3,4.31833975,4.6392184499999995,1448.6355448465015,-112.4478195445497,-7.762326414299379,bear,bear,STOP,Short SL: -7.38% (stop: -5.00%)
q1_2025,LINK/USD,long,2025-02-28 04:00,2025-03-02 12:00,349,363,14,13.65804561,15.229071655,1357.5951153023705,151.56185264977728,11.16399513679899,bear,bear,TP,Take profit: 11.56% (ATR target: 10.00%)
q1_2025,DOT/USD,short,2025-02-28 04:00,2025-03-02 16:00,349,364,15,4.53143315,5.1043509,1433.017066152502,-186.05218868568267,-12.983250031014144,bear,bear,STOP,Short SL: -12.59% (stop: -5.00%)
q1_2025,ETH/USD,long,2025-02-28 04:00,2025-03-02 16:00,349,364,15,2105.682315,2485.726515,1508.4390170026336,266.985469943448,17.699454000730203,bear,bear,TP,Take profit: 18.11% (ATR target: 10.00%)
q1_2025,ATOM/USD,short,2025-03-01 08:00,2025-03-02 20:00,356,365,9,4.4813582,4.90695225,1400.3954112303702,-137.68709490503747,-9.832015572235221,bear,bear,STOP,Short SL: -9.44% (stop: -5.00%)
q1_2025,SOL/USD,short,2025-03-01 08:00,2025-03-02 20:00,356,365,9,140.16988,178.78934999999998,1252.985367942963,-349.7809451200945,-27.915804451438483,bear,bear,STOP,Short SL: -27.49% (stop: -5.00%)
q1_2025,XRP/USD,short,2025-03-02 16:00,2025-03-03 16:00,364,370,6,2.872672945,2.345582205,1360.1696888693527,245.61869712864166,18.057945206293585,bear,bear,TP,Short TP: 18.39% (target: 10.00%)
q1_2025,AVAX/USD,short,2025-03-02 20:00,2025-03-03 20:00,365,371,6,24.907540000000004,20.95047,1209.0397234394247,188.52076618527644,15.592603165178112,bear,bear,TP,Short TP: 15.93% (target: 10.00%)
q1_2025,POL/USD,short,2025-03-02 20:00,2025-03-03 20:00,365,371,6,0.30298843000000003,0.25634810999999996,1146.6438143162077,173.12268940307823,15.098209857462896,bear,bear,TP,Short TP: 15.44% (target: 10.00%)
q1_2025,BTC/USD,short,2025-03-04 00:00,2025-03-04 16:00,372,376,4,83863.14745,88223.48969999999,1300.8967054804823,-71.90718522408518,-5.527509211234913,bear,bear,STOP,Short SL: -5.15% (stop: -5.00%)
q1_2025,XRP/USD,short,2025-03-04 04:00,2025-03-04 16:00,373,376,3,2.317710565,2.495247,1377.4200410969813,-110.0845319543661,-7.992081476228156,bear,bear,STOP,Short SL: -7.61% (stop: -5.00%)
q1_2025,LINK/USD,long,2025-03-04 00:00,2025-03-05 04:00,372,379,7,13.7938935,15.436038120000001,1453.9433767134801,168.15799180653332,11.565649288670421,bear,bull,TP,Take profit: 11.96% (ATR target: 10.00%)
q1_2025,AVAX/USD,short,2025-03-04 20:00,2025-03-05 08:00,377,380,3,19.990000000000002,21.000494999999997,1351.2132338232843,-72.73481471139353,-5.382926461250601,bear,bull,STOP,Short SL: -5.00% (stop: -5.00%)
q1_2025,ETH/USD,short,2025-03-03 20:00,2025-03-06 00:00,371,384,13,2146.20636,2291.5151849999997,1352.490373822938,-96.0425569410739,-7.10116380862666,bear,bull,STOP,Short SL: -6.72% (stop: -5.00%)
q1_2025,NEAR/USD,short,2025-03-03 16:00,2025-03-06 08:00,370,386,16,2.9475255,3.157578,1289.9742911057338,-96.20161282285876,-7.457637992180227,bear,bull,STOP,Short SL: -7.07% (stop: -5.00%)
q1_2025,DOT/USD,short,2025-03-03 16:00,2025-03-09 12:00,370,405,35,4.49085345,4.16438115,1289.9742911057338,89.80158495135734,6.961501912908797,bear,bull,SIGNAL,"RSI+Stoch oversold, cover short. P&L: 7.32%"
q1_2025,ETH/USD,long,2025-03-08 16:00,2025-03-09 12:00,400,405,5,2225.342115,2095.9315100000003,1671.5887635987224,-102.40426327438537,-6.126163653668128,bull,bull,STOP,Stop loss: -5.77% (ATR stop: -4.52%)
q1_2025,ATOM/USD,short,2025-03-03 20:00,2025-03-09 20:00,371,407,36,4.2177900500000005,3.8073026999999997,1352.490373822938,127.51291293652345,9.428008908935634,bear,bull,SIGNAL,"Price at lower BB, cover short. P&L: 9.78%"
q1_2025,SOL/USD,short,2025-03-04 20:00,2025-03-09 20:00,377,407,30,144.697615,126.51322499999999,1050.9436263069988,128.9237082776403,12.26742377521013,bear,bull,TP,Short TP: 12.61% (target: 10.00%)
q1_2025,LINK/USD,long,2025-03-09 08:00,2025-03-09 20:00,404,407,3,14.69706486,13.77698806,1485.85667875442,-97.62694097957302,-6.570414386225513,bull,bull,STOP,Stop loss: -6.21% (ATR stop: -5.00%)
q1_2025,AVAX/USD,short,2025-03-11 20:00,2025-03-12 20:00,419,425,6,17.461265,18.929460000000002,1282.8623292012294,-112.14248076328532,-8.74158342720302,bear,bear,STOP,Short SL: -8.35% (stop: -5.00%)
q1_2025,DOT/USD,short,2025-03-13 16:00,2025-03-14 08:00,430,434,4,3.8820580000000002,4.16898345,1267.6109518174226,-97.89411173387386,-7.722725304125789,bear,bear,STOP,Short SL: -7.34% (stop: -5.00%)
q1_2025,LINK/USD,long,2025-03-10 20:00,2025-03-14 08:00,413,434,21,12.654654164999998,14.066563200000001,1697.9060239428036,183.7000319323417,10.819210800946536,bull,bear,TP,Take profit: 11.21% (ATR target: 10.00%)
q1_2025,BTC/USD,long,2025-03-09 20:00,2025-03-14 08:00,407,434,27,80724.34199999999,83229.36450000001,1697.9060239428036,47.168737690187754,2.7780534979583003,bull,bear,TP,Take profit: 3.15% (ATR target: 2.99%)
q1_2025,ATOM/USD,short,2025-03-11 20:00,2025-03-14 20:00,419,437,18,3.8747616500000004,4.2833406,1282.8623292012294,-139.5924123923399,-10.881324458194724,bear,bear,STOP,Short SL: -10.49% (stop: -5.00%)
q1_2025,SOL/USD,short,2025-03-11 20:00,2025-03-14 20:00,419,437,18,125.25734,133.6668,1282.8623292012294,-90.3689648225583,-7.044322899311127,bear,bear,STOP,Short SL: -6.66% (stop: -5.00%)
q1_2025,ETH/USD,short,2025-03-12 00:00,2025-03-15 08:00,420,440,20,1867.18594,1930.64484,1358.324819154243,-50.58284254639156,-3.7239135907040866,bear,bull,STOP,Short SL: -3.35% (stop: -3.25%)
q1_2025,ETH/USD,long,2025-03-16 08:00,2025-03-19 08:00,446,464,18,1874.83695,2027.1359250000003,1742.8888482832456,135.77373571191637,7.790154595667659,bull,bear,TP,Take profit: 8.18% (ATR target: 6.49%)
q1_2025,XRP/USD,short,2025-03-18 12:00,2025-03-19 12:00,459,465,6,2.235611635,2.5572779999999997,1247.5414914027444,-183.7771251162123,-14.73114332330318,bear,bear,STOP,Short SL: -14.33% (stop: -5.00%)
q1_2025,BTC/USD,short,2025-03-18 12:00,2025-03-19 16:00,459,466,7,81531.71375000001,85487.72249999999,1320.9262850146706,-68.42014929256622,-5.179709880010929,bear,bear,STOP,Short SL: -4.80% (stop: -4.00%)
q1_2025,ETH/USD,long,2025-03-19 16:00,2025-03-21 12:00,466,477,11,2030.9849849999998,1949.0150050000002,1314.013796940452,-57.15527646441165,-4.349670954558614,bear,bear,STOP,Stop loss: -3.99% (ATR stop: -3.45%)
q1_2025,NEAR/USD,short,2025-03-14 12:00,2025-03-24 00:00,435,492,57,2.6736625,2.8464225,1285.6955052902797,-87.32086242466386,-6.791721839686208,bear,bull,STOP,Short SL: -6.41% (stop: -5.00%)
q1_2025,DOT/USD,short,2025-03-20 16:00,2025-03-24 00:00,472,492,20,4.3393292500000005,4.55057415,1376.6147007446737,-71.52575462066982,-5.1957715243036615,bear,bull,STOP,Short SL: -4.82% (stop: -3.50%)
q1_2025,AVAX/USD,short,2025-03-19 08:00,2025-03-24 08:00,464,494,30,19.53023,21.710849999999997,1027.3871105669657,-118.18088527528336,-11.503053139343455,bear,bull,STOP,Short SL: -11.11% (stop: -4.00%)
q1_2025,SOL/USD,long,2025-03-21 20:00,2025-03-24 08:00,479,494,15,128.48421,143.278325,1349.928057949424,150.8646210252609,11.175752673400106,bull,bull,TP,Take profit: 11.57% (ATR target: 9.18%)
q1_2025,LINK/USD,short,2025-03-19 08:00,2025-03-24 12:00,464,495,31,14.472750005000002,15.228480434999998,1414.9486864548078,-78.52877341705283,-5.549937900137481,bear,bull,STOP,Short SL: -5.17% (stop: -5.00%)
q1_2025,POL/USD,short,2025-03-20 08:00,2025-03-25 08:00,470,500,30,0.213483205,0.22397192999999999,1014.3476742329173,-53.160291378280604,-5.24083533966617,bear,bull,STOP,Short SL: -4.86% (stop: -3.09%)
q1_2025,XRP/USD,long,2025-03-24 08:00,2025-03-26 20:00,494,509,15,2.46064971,2.3477455400000005,1597.2043509061448,-78.28223516380974,-4.901203475898231,bull,bull,STOP,Stop loss: -4.54% (ATR stop: -3.89%)
q1_2025,ETH/USD,long,2025-03-24 00:00,2025-03-28 04:00,492,517,25,2015.237115,1907.60572,1414.5078030854656,-79.95491591495961,-5.65249026838551,bull,bull,STOP,Stop loss: -5.29% (ATR stop: -3.88%)
q1_2025,LINK/USD,long,2025-03-26 12:00,2025-03-28 04:00,507,517,10,15.36693963,14.473389685,1486.0836348405967,-91.03164456451348,-6.125607094400034,bull,bull,STOP,Stop loss: -5.77% (ATR stop: -5.00%)
q1_2025,SOL/USD,long,2025-03-24 20:00,2025-03-28 08:00,497,518,21,141.09051,131.92400500000002,1319.2243097425628,-89.79506971408436,-6.806656688399506,bull,bull,STOP,Stop loss: -6.45% (ATR stop: -5.00%)
q1_2025,LINK/USD,long,2025-03-28 08:00,2025-03-29 08:00,518,524,6,14.37988635,13.635378900000001,1512.468823478659,-83.02386542715537,-5.489294333763623,bull,bear,STOP,Stop loss: -5.13% (ATR stop: -5.00%)
q1_2025,XRP/USD,long,2025-03-28 04:00,2025-03-29 08:00,517,524,7,2.22175032,2.08197849,1698.4799289191044,-112.11933613051943,-6.601157553970689,bull,bear,STOP,Stop loss: -6.24% (ATR stop: -5.00%)
q1_2025,BTC/USD,short,2025-03-30 00:00,2025-03-31 00:00,528,534,6,83019.6694,81549.3543,1116.2147467720317,16.230170132828466,1.4540365265522879,bear,bear,SIGNAL,"RSI+Stoch oversold, cover short. P&L: 1.82%"
q1_2025,AVAX/USD,short,2025-03-29 08:00,2025-03-31 08:00,524,536,12,19.830080000000002,18.62931,1209.9750587829274,69.51475409959566,5.745139422090087,bear,bear,SIGNAL,"RSI+Stoch oversold, cover short. P&L: 6.10%"
q1_2026_fresh,NEAR/USD,long,2026-01-12 20:00,2026-01-13 12:00,71,75,4,1.6738365,1.8090950000000001,2000.0,154.95303544258974,7.747651772129487,unknown,unknown,SIGNAL,"Price at upper BB, P&L: 8.13%"
q1_2026_fresh,DOT/USD,long,2026-01-13 04:00,2026-01-13 12:00,73,75,2,2.0782385999999997,2.2379804500000002,1800.0,132.3709432500046,7.353941291666921,unknown,unknown,SIGNAL,"RSI+Stoch overbought (RSI=76.1, %K=97.5), P&L: 7.74%"
q1_2026_fresh,ETH/USD,long,2026-01-10 16:00,2026-01-13 20:00,58,77,19,3088.993725,3321.968185,1900.0,136.98713652501752,7.209849290790396,unknown,unknown,TP,Take profit: 7.60% (ATR target: 7.44%)
q1_2026_fresh,LINK/USD,long,2026-01-07 12:00,2026-01-13 20:00,39,77,38,13.361417369999998,14.04041628,1900.0,90.31636917699676,4.753493114578776,unknown,unknown,SIGNAL,"RSI+Stoch overbought (RSI=91.7, %K=90.0), P&L: 5.13%"
q1_2026_fresh,NEAR/USD,short,2026-01-13 16:00,2026-01-18 20:00,76,107,31,1.845077,1.6298145,1645.9718365908154,187.07580792684092,11.365674902088104,unknown,bull,TP,Short TP: 11.71% (target: 9.25%)
q1_2026_fresh,LINK/USD,short,2026-01-14 00:00,2026-01-18 20:00,78,107,29,14.118857040000002,13.314984164999998,1892.63294719103,101.87809930253566,5.3828767724739786,unknown,bull,TP,Short TP: 5.74% (target: 5.36%)
q1_2026_fresh,BTC/USD,short,2026-01-13 16:00,2026-01-19 00:00,76,108,32,94152.90000000001,92696.72519999999,1851.7183161646672,22.762057734111156,1.229239757224878,unknown,bull,TP,Short TP: 1.60% (target: 1.40%)
q1_2026_fresh,LINK/USD,long,2026-01-20 04:00,2026-01-25 00:00,115,144,29,12.604909305,12.053979995,1732.2149518972958,-81.13547903120569,-4.683915177059173,bull,bear,STOP,Stop loss: -4.32% (ATR stop: -4.00%)
q1_2026_fresh,ETH/USD,long,2026-01-20 16:00,2026-01-25 04:00,118,145,27,2994.07629,2933.4325500000004,1732.2149518972958,-40.57497093594955,-2.3423750552151605,bull,bear,STOP,Stop loss: -1.98% (ATR stop: -1.86%)
q1_2026_fresh,NEAR/USD,short,2026-01-22 20:00,2026-01-25 16:00,131,148,17,1.511244,1.4187089999999998,1472.3827091127016,85.59039161135605,5.8130532966483415,bear,bear,TP,Short TP: 6.17% (target: 6.11%)
q1_2026_fresh,ETH/USD,long,2026-01-25 12:00,2026-01-25 16:00,147,148,1,2924.251395,2808.585005,1541.4671519122962,-65.80903990475636,-4.269246984803777,bear,bear,STOP,Stop loss: -3.91% (ATR stop: -2.29%)
q1_2026_fresh,LINK/USD,long,2026-01-25 12:00,2026-01-25 16:00,147,148,1,11.956905464999998,11.41486971,1712.7412799025512,-83.00197121428559,-4.846147645779174,bear,bear,STOP,Stop loss: -4.49% (ATR stop: -4.00%)
q1_2026_fresh,BTC/USD,long,2026-01-20 04:00,2026-01-25 16:00,115,148,33,91138.04625,86336.41020000001,2165.2686898716197,-120.82755655096044,-5.580256949918044,bull,bear,STOP,Stop loss: -5.22% (ATR stop: -4.00%)
q1_2026_fresh,SOL/USD,short,2026-01-21 08:00,2026-01-25 20:00,122,149,27,126.75659,118.79936999999998,1472.3827091127016,87.86824119430626,5.96775829072715,bear,bear,SIGNAL,"RSI+Stoch oversold, cover short. P&L: 6.32%"
q1_2026_fresh,XRP/USD,long,2026-01-25 16:00,2026-01-26 04:00,148,151,3,1.8171281099999999,1.878790135,1683.293571733168,51.639842043209434,3.067785852116072,bear,bear,TP,Take profit: 3.45% (ATR target: 3.44%)
q1_2026_fresh,BTC/USD,long,2026-01-25 20:00,2026-01-27 20:00,149,161,12,86615.58615,89079.53795000001,1697.352490324257,42.7730137832412,2.5199841533840726,bear,bear,TP,Take profit: 2.90% (ATR target: 2.35%)
q1_2026_fresh,DOT/USD,long,2026-01-25 16:00,2026-01-28 08:00,148,164,16,1.7897944499999998,1.8900545000000002,1726.4357425603682,91.02867373707721,5.272636072865261,bear,bear,TP,Take profit: 5.65% (ATR target: 5.59%)
q1_2026_fresh,LINK/USD,short,2026-01-26 00:00,2026-01-29 12:00,150,171,21,11.67639888,11.023018754999999,1442.7496167756183,76.24703575244352,5.284841864858506,bear,bear,SIGNAL,"RSI+Stoch oversold, cover short. P&L: 5.64%"
q1_2026_fresh,XRP/USD,short,2026-01-29 04:00,2026-01-29 12:00,169,171,2,1.8823183700000001,1.800009555,1467.969664796258,59.59793873674402,4.059888985854195,bear,bear,SIGNAL,"Price at lower BB, cover short. P&L: 4.42%"
q1_2026_fresh,ATOM/USD,short,2026-01-20 20:00,2026-01-29 20:00,119,173,54,2.2933527500000004,2.12676285,1558.9934567075663,108.44061678751397,6.955809616836327,bear,bear,SIGNAL,"RSI+Stoch oversold, cover short. P&L: 7.31%"
q1_2026_fresh,NEAR/USD,short,2026-01-25 20:00,2026-01-30 12:00,149,177,28,1.4302845000000002,1.322661,1514.9642145598511,109.33216808921739,7.216815224970983,bear,bear,SIGNAL,"Price at lower BB, cover short. P&L: 7.57%"
q1_2026_fresh,DOT/USD,short,2026-01-29 00:00,2026-01-31 00:00,168,180,12,1.813093,1.6798395,1467.969664796258,103.36599800517666,7.041426024258002,bear,bear,SIGNAL,"RSI+Stoch oversold, cover short. P&L: 7.40%"
q1_2026_fresh,POL/USD,short,2026-01-27 20:00,2026-01-31 08:00,161,182,21,0.11942026000000001,0.107943945,1455.5897651680154,135.45065970740896,9.305551807845681,bear,bear,SIGNAL,"RSI+Stoch oversold, cover short. P&L: 9.66%"
q1_2026_fresh,ETH/USD,short,2026-01-29 16:00,2026-01-31 12:00,172,183,11,2790.78391,2531.6351849999996,1486.4445813267873,133.49588846580184,8.980885674637435,bear,bear,SIGNAL,"RSI+Stoch oversold, cover short. P&L: 9.33%"
q1_2026_fresh,LINK/USD,long,2026-01-29 16:00,2026-01-31 12:00,172,183,11,10.934154345,10.028183400000001,1748.758330972691,-150.26369783399417,-8.592593680478124,bear,bear,STOP,Stop loss: -8.24% (ATR stop: -5.00%)
q1_2026_fresh,BTC/USD,short,2026-01-29 20:00,2026-01-31 12:00,173,183,10,84472.84245000001,81220.7901,1501.1925052098893,53.08421750462362,3.536136592768404,bear,bear,TP,Short TP: 3.90% (target: 3.83%)
q1_2026_fresh,SOL/USD,short,2026-01-26 08:00,2026-01-31 20:00,152,185,33,122.288825,105.49271999999999,1449.772635293495,194.80461336063598,13.436907872191929,bear,bear,TP,Short TP: 13.78% (target: 10.00%)
q1_2026_fresh,DOT/USD,long,2026-01-31 12:00,2026-02-04 12:00,183,207,24,1.56948435,1.44857535,1821.8126417869817,-145.95576329351655,-8.01156825601733,bear,bear,STOP,Stop loss: -7.66% (ATR stop: -5.00%)
q1_2026_fresh,BTC/USD,long,2026-01-31 16:00,2026-02-04 12:00,184,207,23,77687.12415,73975.29385,1827.6232670888105,-93.03394953105551,-5.0904336362081715,bear,bear,STOP,Stop loss: -4.73% (ATR stop: -4.00%)
q1_2026_fresh,SOL/USD,long,2026-02-01 20:00,2026-02-04 20:00,191,209,18,100.680315,91.89403,1858.7920052265124,-167.9066232838098,-9.033104446957674,bear,bear,STOP,Stop loss: -8.68% (ATR stop: -5.00%)
q1_2026_fresh,XRP/USD,short,2026-02-01 12:00,2026-02-05 00:00,189,210,21,1.59210355,1.441050165,1672.9128047038612,153.62347418933848,9.182993504346623,bear,bear,TP,Short TP: 9.53% (target: 9.53%)
q1_2026_fresh,AVAX/USD,short,2026-02-01 20:00,2026-02-05 08:00,191,212,21,9.895050000000001,9.24462,1394.0940039198845,87.32547185456886,6.263958643321678,bear,bear,SIGNAL,"RSI+Stoch oversold, cover short. P&L: 6.62%"
q1_2026_fresh,BTC/USD,short,2026-02-04 16:00,2026-02-05 08:00,208,212,4,73720.72120000001,70236.40065,1638.498286057123,72.3249076431915,4.414097241275358,bear,bear,SIGNAL,"RSI+Stoch oversold, cover short. P&L: 4.77%"
q1_2026_fresh,DOT/USD,short,2026-02-04 16:00,2026-02-05 12:00,208,213,5,1.4808592,1.3283638500000001,1547.470603498394,154.660243800084,9.994389777126678,bear,bear,TP,Short TP: 10.34% (target: 10.00%)
q1_2026_fresh,ETH/USD,short,2026-02-04 20:00,2026-02-05 12:00,209,213,4,2141.7685800000004,1958.868945,1524.6353027317955,125.53040589671606,8.233471025614747,bear,bear,SIGNAL,"RSI+Stoch oversold, cover short. P&L: 8.59%"
q1_2026_fresh,LINK/USD,short,2026-02-04 20:00,2026-02-05 12:00,209,213,4,9.23146196,8.458397085,1524.6353027317955,123.00442198141869,8.067793114918898,bear,bear,SIGNAL,"RSI+Stoch oversold, cover short. P&L: 8.42%"
q1_2026_fresh,XRP/USD,long,2026-02-05 08:00,2026-02-05 12:00,212,213,1,1.362681,1.2933530000000002,1843.8124080391071,-99.5591117215909,-5.399633459863301,bear,bear,STOP,Stop loss: -5.04% (ATR stop: -5.00%)
q1_2026_fresh,NEAR/USD,short,2026-02-05 04:00,2026-02-05 16:00,211,214,3,1.1154420000000003,1.0135064999999999,1636.4415125875191,144.55259117052344,8.833349072278107,bear,bear,SIGNAL,"RSI+Stoch oversold, cover short. P&L: 9.18%"
q1_2026_fresh,ATOM/USD,short,2026-02-02 20:00,2026-02-05 20:00,197,215,18,1.9774108000000001,1.81480695,1579.9732044425355,125.07666860749413,7.916379104139626,bear,bear,SIGNAL,"RSI+Stoch oversold, cover short. P&L: 8.27%"
q1_2026_fresh,SOL/USD,long,2026-02-05 08:00,2026-02-05 20:00,212,215,3,89.854905,78.14091,1649.0163805345767,-219.91048591120057,-13.335858182312913,bear,bear,STOP,Stop loss: -12.99% (ATR stop: -5.00%)
q1_2026_fresh,BTC/USD,long,2026-02-05 12:00,2026-02-05 20:00,213,215,2,67423.79505,62826.67095,1908.3236195076222,-136.01571089584905,-7.1274971134583165,bear,bear,STOP,Stop loss: -6.77% (ATR stop: -5.00%)
q1_2026_fresh,XRP/USD,long,2026-02-05 16:00,2026-02-06 08:00,214,218,4,1.211395395,1.36657637,1915.5225762194511,238.85483690072195,12.469434704974088,bear,bear,TP,Take profit: 12.87% (ATR target: 10.00%)
q1_2026_fresh,ETH/USD,long,2026-02-05 20:00,2026-02-06 16:00,215,220,5,1824.7619249999998,2063.08794,1710.3142489057723,217.5450628983659,12.719596006263016,bear,bear,TP,Take profit: 13.12% (ATR target: 10.00%)
q1_2026_fresh,BTC/USD,short,2026-02-06 08:00,2026-02-06 16:00,218,220,2,66521.7225,70721.7432,1596.7986539513938,-106.08643470187293,-6.643695148374177,bear,bear,STOP,Short SL: -6.26% (stop: -5.00%)
q1_2026_fresh,AVAX/USD,long,2026-02-05 20:00,2026-02-06 20:00,215,221,6,8.30415,9.265365000000001,1915.5225762194511,215.23628848726375,11.236426610646499,bear,bear,TP,Take profit: 11.63% (ATR target: 10.00%)
q1_2026_fresh,ATOM/USD,short,2026-02-06 08:00,2026-02-06 20:00,218,221,3,1.8758616000000001,1.98629265,1784.657319122146,-110.93796178945688,-6.216205240120052,bear,bear,STOP,Short SL: -5.83% (stop: -5.00%)
q1_2026_fresh,LINK/USD,long,2026-02-05 16:00,2026-02-07 00:00,214,222,8,8.243959919999998,8.92601476,1915.5225762194511,152.09219673743777,7.939984556987721,bear,bear,SIGNAL,"RSI+Stoch overbought (RSI=70.5, %K=96.4), P&L: 8.33%"
q1_2026_fresh,POL/USD,short,2026-02-06 08:00,2026-02-11 20:00,218,251,33,0.0963518,0.08890442999999999,1820.9632543310559,135.1495802599642,7.421873008064207,bear,bull,SIGNAL,"RSI+Stoch oversold, cover short. P&L: 7.78%"
q1_2026_fresh,POL/USD,short,2026-02-13 20:00,2026-02-14 08:00,263,266,3,0.10042976,0.10693343999999999,1597.8265781714483,-108.74880500807441,-6.806045568006916,bear,bear,STOP,Short SL: -6.42% (stop: -4.21%)
q1_2026_fresh,NEAR/USD,short,2026-02-09 12:00,2026-02-14 12:00,237,267,30,1.0044975,1.0695344999999998,1876.87632537908,-127.71720577367046,-6.804774723122734,bear,bear,STOP,Short SL: -6.42% (stop: -5.00%)
q1_2026_fresh,ATOM/USD,short,2026-02-13 20:00,2026-02-16 20:00,263,281,18,2.1203393,2.2947468,1697.6907393071635,-145.29595452549884,-8.558446551036432,bear,bull,STOP,Short SL: -8.17% (stop: -3.62%)
q1_2026_fresh,AVAX/USD,short,2026-02-14 20:00,2026-02-18 08:00,269,290,21,9.5952,9.034514999999999,1861.4762279397694,102.99352877589084,5.532895195222624,bear,bull,TP,Short TP: 5.89% (target: 5.34%)
q1_2026_fresh,ETH/USD,long,2026-02-15 12:00,2026-02-20 08:00,273,302,29,2011.6052999999997,1941.80861,1861.4762279397694,-70.44397039168928,-3.784306741840841,bear,bear,STOP,Stop loss: -3.42% (ATR stop: -3.36%)
q1_2026_fresh,ETH/USD,long,2026-02-22 16:00,2026-02-23 00:00,316,318,2,1944.2616449999998,1862.118475,1844.3387757262926,-83.70162387089023,-4.538299848840347,bear,bear,STOP,Stop loss: -4.18% (ATR stop: -3.46%)
q1_2026_fresh,LINK/USD,short,2026-02-15 20:00,2026-02-23 00:00,275,318,43,8.778658475,8.261408639999999,1665.5313618408463,92.96514987294876,5.581711158545705,bear,bear,SIGNAL,"RSI+Stoch oversold, cover short. P&L: 5.94%"
q1_2026_fresh,XRP/USD,short,2026-02-22 12:00,2026-02-23 00:00,315,318,3,1.392353475,1.341620475,1747.2683138459615,58.17833526019356,3.3296737999063,bear,bear,SIGNAL,"RSI+Stoch oversold, cover short. P&L: 3.69%"
q1_2026_fresh,SOL/USD,short,2026-02-15 08:00,2026-02-23 08:00,272,320,48,89.085435,80.090025,1469.5864957419233,143.92861414164867,9.793817142351056,bear,bear,TP,Short TP: 10.14% (target: 9.34%)
q1_2026_fresh,ATOM/USD,short,2026-02-20 20:00,2026-02-23 20:00,305,323,18,2.3558215000000002,2.11815855,1553.1273900852993,151.96759968821058,9.784619127724246,bear,bear,TP,Short TP: 10.13% (target: 8.72%)
q1_2026_fresh,BTC/USD,short,2026-02-23 04:00,2026-02-24 00:00,319,324,5,65910.6282,63573.77099999999,1854.5899386381545,59.927804195594746,3.231323698412835,bear,bear,SIGNAL,"Price at lower BB, cover short. P&L: 3.59%"
q1_2026_fresh,DOT/USD,short,2026-02-23 04:00,2026-02-25 08:00,319,332,13,1.27126405,1.382691,1854.5899386381545,-168.74744479543364,-9.098908674083862,bear,bear,STOP,Short SL: -8.71% (stop: -5.00%)
q1_2026_fresh,NEAR/USD,short,2026-02-22 12:00,2026-02-25 12:00,315,333,18,1.0144925,1.1015504999999999,1747.2683138459615,-155.76891780502137,-8.914997002501236,bear,bear,STOP,Short SL: -8.53% (stop: -5.00%)
q1_2026_fresh,ETH/USD,short,2026-02-23 04:00,2026-02-25 12:00,319,333,14,1883.7676450000001,2015.4972449999998,1854.5899386381545,-135.82835766552725,-7.323902434479262,bear,bear,STOP,Short SL: -6.94% (stop: -5.00%)
q1_2026_fresh,LINK/USD,short,2026-02-23 12:00,2026-02-25 12:00,321,333,12,8.420157815,9.28295916,1678.9442366205608,-177.68403803294763,-10.583081567413844,bear,bear,STOP,Short SL: -10.19% (stop: -5.00%)
q1_2026_fresh,XRP/USD,short,2026-02-23 20:00,2026-02-25 12:00,323,333,10,1.350774275,1.4423808299999998,1799.5889966592256,-127.99516564940234,-7.112466562476977,bear,bear,STOP,Short SL: -6.73% (stop: -5.00%)
q1_2026_fresh,ATOM/USD,short,2026-02-24 08:00,2026-02-26 20:00,326,341,15,2.0331829,1.88144025,1707.7620115487582,122.19721593632529,7.155400759003032,bear,sideways,SIGNAL,"RSI+Stoch oversold, cover short. P&L: 7.51%"
q1_2026_fresh,NEAR/USD,short,2026-02-25 16:00,2026-02-28 04:00,334,349,15,1.197401,1.0555275,1509.2543603687393,174.28207528634576,11.547561488824545,bear,sideways,TP,Short TP: 11.89% (target: 10.00%)
q1_2026_fresh,AVAX/USD,short,2026-02-25 20:00,2026-02-28 08:00,335,350,15,9.505245,8.474235,1320.5975653226465,139.2471670879904,10.544254415157106,bear,sideways,TP,Short TP: 10.89% (target: 7.01%)
q1_2026_fresh,SOL/USD,short,2026-02-25 20:00,2026-02-28 08:00,335,350,15,88.005975,78.81939,1414.925962845693,143.40905374324228,10.135445776598699,bear,sideways,TP,Short TP: 10.48% (target: 10.00%)
q1_2026_fresh,ETH/USD,long,2026-02-27 08:00,2026-02-28 08:00,344,350,6,1962.80091,1862.60823,2025.2519740739065,-109.6990976795326,-5.4165653994582605,sideways,sideways,STOP,Stop loss: -5.06% (ATR stop: -5.00%)
q1_2026_fresh,XRP/USD,long,2026-02-28 04:00,2026-03-01 00:00,349,354,5,1.3038616049999998,1.418100595,2175.75521668862,183.35966189673016,8.427403068613275,sideways,sideways,TP,Take profit: 8.82% (ATR target: 7.31%)
q1_2026_fresh,NEAR/USD,short,2026-03-01 04:00,2026-03-02 12:00,355,363,8,1.1994,1.3076534999999998,2115.4537803308185,-198.0046041778432,-9.359911618909436,sideways,bear,STOP,Short SL: -8.97% (stop: -5.00%)
q1_2026_fresh,NEAR/USD,short,2026-03-02 16:00,2026-03-03 00:00,364,366,2,1.327336,1.42071,1567.4676687966762,-115.45625021803097,-7.36578192433565,bear,bear,STOP,Short SL: -6.98% (stop: -5.00%)
q1_2026_fresh,POL/USD,short,2026-02-14 20:00,2026-03-03 08:00,269,368,99,0.10929532500000001,0.09866931,1371.6140626924614,129.17866572519415,9.418003885992393,bear,bear,SIGNAL,"RSI+Stoch oversold, cover short. P&L: 9.77%"
q1_2026_fresh,LINK/USD,long,2026-02-27 16:00,2026-03-04 12:00,346,375,29,8.688091875,9.502836205000001,2144.3844431370776,193.90684800073393,9.042541257996742,sideways,bear,SIGNAL,"RSI+Stoch overbought (RSI=87.6, %K=99.6), P&L: 9.43%"
q1_2026_fresh,SOL/USD,long,2026-02-28 20:00,2026-03-04 20:00,353,377,24,84.42218999999999,90.844555,1839.0729157132714,133.79437735100603,7.275099111506127,sideways,bear,SIGNAL,"RSI overbought (63.4), P&L: 7.66%"
q1_2026_fresh,SOL/USD,long,2026-03-05 20:00,2026-03-07 20:00,383,395,12,88.834395,83.18838500000001,1888.08972049994,-125.8533295191536,-6.665643488903132,bull,bull,STOP,Stop loss: -6.31% (ATR stop: -5.00%)
q1_2026_fresh,AVAX/USD,short,2026-03-04 20:00,2026-03-08 08:00,377,398,21,9.485255,8.914455,1394.7886877099756,79.60818998819914,5.707544855335994,bear,bull,TP,Short TP: 6.06% (target: 6.06%)
q1_2026_fresh,AVAX/USD,short,2026-03-08 20:00,2026-03-09 20:00,401,407,6,8.81559,9.274634999999998,1805.9068315874854,-99.96349462228518,-5.535362781390671,bear,bear,STOP,Short SL: -5.15% (stop: -4.00%)
q1_2026_fresh,NEAR/USD,short,2026-03-08 12:00,2026-03-10 04:00,399,409,10,1.2143925000000002,1.2816404999999997,1705.5786742770695,-100.05400889037637,-5.866279310321788,bear,bear,STOP,Short SL: -5.48% (stop: -5.00%)
q1_2026_fresh,ETH/USD,short,2026-03-08 12:00,2026-03-10 04:00,399,409,10,1942.7281500000001,2051.46522,1705.5786742770695,-101.07128751855674,-5.925923502848502,bear,bear,STOP,Short SL: -5.54% (stop: -5.00%)
q1_2026_fresh,LINK/USD,long,2026-03-06 12:00,2026-03-13 00:00,387,426,39,8.79691626,9.27745895,2517.452960666587,129.23903785578347,5.133722054594528,bull,bull,SIGNAL,"RSI overbought (82.9), P&L: 5.52%"
q1_2026_fresh,SOL/USD,long,2026-03-10 08:00,2026-03-15 20:00,410,443,33,86.853405,92.283835,1566.711151714658,92.78439476269169,5.922240016045429,bear,bull,SIGNAL,"RSI+Stoch overbought (RSI=65.7, %K=90.2), P&L: 6.31%"
q1_2026_fresh,DOT/USD,long,2026-03-13 16:00,2026-03-16 04:00,430,445,15,1.4708350499999998,1.5832080000000002,2350.1422830190436,171.74106789505473,7.307688097693917,bull,bull,TP,Take profit: 7.69% (ATR target: 7.07%)
q1_2026_fresh,ATOM/USD,long,2026-02-28 08:00,2026-03-16 08:00,350,446,96,1.7782887,1.9053468500000001,2200.8197067644583,149.94998645231283,6.813369854487637,sideways,bull,TP,Take profit: 7.20% (ATR target: 5.12%)
q1_2026_fresh,LINK/USD,long,2026-03-13 08:00,2026-03-16 16:00,428,448,20,9.2776365,9.928923055,1979.0671857002471,132.3711837390968,6.688564425480093,bull,bull,TP,Take profit: 7.07% (ATR target: 6.49%)
q1_2026_fresh,ATOM/USD,long,2026-03-16 20:00,2026-03-18 20:00,449,461,12,1.9770880499999999,1.90614645,1937.4024815213552,-75.60911191801867,-3.9026022026484775,bull,bull,STOP,Stop loss: -3.54% (ATR stop: -2.93%)
q1_2026_fresh,ETH/USD,long,2026-03-18 08:00,2026-03-19 12:00,458,465,7,2271.0349499999998,2118.3802800000003,2066.562646956112,-145.30436803569796,-7.031210413568644,bull,bull,STOP,Stop loss: -6.68% (ATR stop: -5.00%)
q1_2026_fresh,LINK/USD,long,2026-03-18 08:00,2026-03-19 12:00,458,465,7,9.558736979999999,8.961666925000001,2066.562646956112,-135.49394807236777,-6.556488779662206,bull,bull,STOP,Stop loss: -6.20% (ATR stop: -5.00%)
q1_2026_fresh,SOL/USD,long,2026-03-16 08:00,2026-03-19 20:00,446,467,21,93.796875,88.83556,1917.5468039604907,-107.40404596569878,-5.601117310089488,bull,bull,STOP,Stop loss: -5.24% (ATR stop: -5.00%)
q1_2026_fresh,POL/USD,short,2026-03-03 20:00,2026-03-21 20:00,371,479,108,0.100779585,0.09454725,1667.3006466054424,97.94014350164811,5.874174144960019,bear,bear,SIGNAL,"RSI+Stoch oversold, cover short. P&L: 6.23%"
q1_2026_fresh,DOT/USD,short,2026-03-22 00:00,2026-03-24 12:00,480,495,15,1.47396265,1.3838915999999999,1706.819748966037,99.00820886204956,5.800741930835232,bear,bear,SIGNAL,"RSI+Stoch oversold, cover short. P&L: 6.16%"
q1_2026_fresh,AVAX/USD,short,2026-03-21 20:00,2026-03-24 20:00,479,497,18,9.215390000000001,9.624809999999998,1693.4998894498128,-80.77537712726033,-4.7697302864013045,bear,bear,STOP,Short SL: -4.39% (stop: -4.00%)
q1_2026_fresh,ETH/USD,short,2026-03-21 20:00,2026-03-25 08:00,479,500,21,2084.4172700000004,2187.3231149999997,1693.4998894498128,-89.15679189769516,-5.264647045631669,bear,bull,STOP,Short SL: -4.88% (stop: -3.54%)
q1_2026_fresh,LINK/USD,long,2026-03-21 20:00,2026-03-25 08:00,479,500,21,8.82318939,9.40301614,1992.3528111174267,124.3416077210833,6.240943221865677,bear,bull,SIGNAL,"RSI+Stoch overbought (RSI=79.0, %K=89.1), P&L: 6.62%"
q1_2026_fresh,NEAR/USD,short,2026-03-21 20:00,2026-03-27 08:00,479,512,33,1.2743625,1.1855925,1693.4998894498128,112.73858442977877,6.657135623811907,bear,bull,SIGNAL,"RSI+Stoch oversold, cover short. P&L: 7.01%"
q1_2026_fresh,ATOM/USD,short,2026-03-21 20:00,2026-03-27 08:00,479,512,33,1.79040435,1.67373645,1793.117530005684,111.29644955141295,6.2068686345986555,bear,bull,SIGNAL,"RSI+Stoch oversold, cover short. P&L: 6.56%"
q1_2026_fresh,DOT/USD,short,2026-03-24 16:00,2026-03-27 08:00,496,512,16,1.3767113,1.2820407,1720.2848653712756,112.98371859232789,6.567733104362544,bear,bull,SIGNAL,"RSI+Stoch oversold, cover short. P&L: 6.92%"
q1_2026_fresh,SOL/USD,long,2026-03-20 20:00,2026-03-27 08:00,473,512,39,89.90493,83.29833,1743.3087097277482,-133.48210917717938,-7.656825691992626,bull,bull,STOP,Stop loss: -7.30% (ATR stop: -5.00%)
q1_2026_fresh,LINK/USD,long,2026-03-26 08:00,2026-03-28 20:00,506,521,15,8.948972249999999,8.42480549,2268.641314897874,-139.9313414443813,-6.1680681086723705,bull,bear,STOP,Stop loss: -5.81% (ATR stop: -5.00%)
