1735689600,0.45134,0.45722,0.44969,0.45018,12847.7967
1735704000,0.45016,0.45318,0.44971,0.45119,23765.457489999997
1735718400,0.45175,0.45331,0.44462,0.45301,236185.14192000037
1735732800,0.45263,0.46305,0.45218,0.46266,69405.89757
1735747200,0.46363,0.47501,0.46138,0.47435,307794.8356000002
1735761600,0.47534,0.47694,0.47331,0.47331,80793.76569999997
1735776000,0.47306,0.48227,0.47222,0.47909,79555.68072000002
1735790400,0.48083,0.48559,0.47927,0.485,50120.19389
1735804800,0.48552,0.49446,0.48383,0.49081,54879.72307000001
1735819200,0.49157,0.49468,0.48456,0.48601,167595.03368999998
1735833600,0.48645,0.49116,0.48325,0.4861,77110.34374999996
1735848000,0.48622,0.48738,0.48037,0.4842,269857.6823099999
1735862400,0.48399,0.49172,0.47998,0.49129,24261.799990000003
1735876800,0.49072,0.49072,0.48299,0.48299,34131.93326999999
1735891200,0.48432,0.50354,0.4828,0.50354,47200.888439999995
1735905600,0.50235,0.51941,0.502,0.51941,515751.2747099999
1735920000,0.51998,0.52272,0.51745,0.5196,130783.37095000004
1735934400,0.5197,0.52084,0.5158,0.5191,91643.03401000008
1735948800,0.52011,0.52135,0.5116,0.52007,33813.433009999986
1735963200,0.51853,0.52672,0.5137,0.5265,116822.32918999999
1735977600,0.52533,0.52533,0.51388,0.5189,104404.25319
1735992000,0.51867,0.52893,0.51477,0.51813,168784.05151999995
1736006400,0.52069,0.52348,0.51628,0.52176,37117.11922000001
1736020800,0.52226,0.5273,0.52156,0.5234,195665.94649999996
1736035200,0.52345,0.52505,0.51793,0.51941,24273.805389999994
1736049600,0.52,0.5224,0.51686,0.51894,22707.085990000003
1736064000,0.5191,0.5191,0.50931,0.51386,55043.88291999999
1736078400,0.51389,0.5163,0.50679,0.51504,83211.26706999997
1736092800,0.515,0.51523,0.50949,0.51238,18610.99903000001
1736107200,0.51475,0.5208,0.51448,0.51653,86053.96609999999
1736121600,0.51698,0.52438,0.50846,0.52303,42082.146180000054
1736136000,0.52374,0.52506,0.51818,0.51947,67050.68281000001
1736150400,0.52035,0.52161,0.51638,0.52139,27879.22185
1736164800,0.52229,0.52943,0.51145,0.52943,74240.85254000005
1736179200,0.52953,0.53824,0.52478,0.53059,239661.20399999997
1736193600,0.53109,0.53317,0.52031,0.52514,105055.24016000002
1736208000,0.5228,0.52537,0.5171,0.51947,32941.03628
1736222400,0.51947,0.52163,0.51548,0.51988,67232.82891000001
1736236800,0.51872,0.52515,0.5107,0.51256,42584.26232
1736251200,0.51262,0.51645,0.48054,0.48633,439760.7258699999
1736265600,0.4843,0.48935,0.47215,0.47215,115176.31994000006
1736280000,0.47213,0.4766,0.467,0.47047,189833.55056000006
1736294400,0.47147,0.47549,0.46435,0.46641,191739.6913
1736308800,0.46651,0.46691,0.45175,0.4615,158948.36556999997
1736323200,0.46194,0.46946,0.4575,0.46094,95924.35464
1736337600,0.45888,0.46682,0.45843,0.46443,34818.89284000001
1736352000,0.46286,0.46394,0.43626,0.45359,366874.61104999954
1736366400,0.4531,0.46534,0.45066,0.46428,145834.26672999992
1736380800,0.46316,0.46667,0.45966,0.46058,19805.60044
1736395200,0.46021,0.46242,0.45254,0.45254,89280.06953
1736409600,0.45377,0.46463,0.45187,0.46141,86816.89762000003
1736424000,0.4613,0.46282,0.44284,0.46281,237009.44969999994
1736438400,0.46155,0.46229,0.44545,0.44682,162551.62891
1736452800,0.44577,0.45188,0.43939,0.44814,150598.64289000008
1736467200,0.44919,0.45338,0.44779,0.45108,47295.590220000006
1736481600,0.45258,0.46427,0.45063,0.46251,156649.15432000003
1736496000,0.46275,0.46426,0.45911,0.46091,61803.90429999997
1736510400,0.46086,0.46201,0.44551,0.45473,200178.38955999984
1736524800,0.45266,0.46233,0.4483,0.46089,48565.624010000014
1736539200,0.46014,0.46014,0.45527,0.45843,13247.841599999998
1736553600,0.45839,0.46047,0.4539,0.45478,48038.38499
1736568000,0.45544,0.4575,0.45201,0.45331,16073.73797
1736582400,0.45453,0.45712,0.43662,0.45549,1452382.33302
1736596800,0.45598,0.45624,0.45227,0.45331,12515.297260000001
1736611200,0.45436,0.45737,0.45241,0.45346,54542.020989999975
1736625600,0.45378,0.46441,0.45309,0.45952,74159.16832000001
1736640000,0.45949,0.46292,0.45807,0.46058,26829.19061
1736654400,0.46272,0.4628,0.45469,0.45667,226671.13319999995
1736668800,0.4574,0.4574,0.44983,0.45444,39647.50561000003
1736683200,0.45444,0.45924,0.45158,0.45912,34411.85753
1736697600,0.45969,0.45969,0.45391,0.45447,65611.47931000004
1736712000,0.45478,0.45478,0.44505,0.45018,38912.632040000004
1736726400,0.45019,0.45931,0.43479,0.43644,123953.65621999999
1736740800,0.43624,0.44484,0.42987,0.43284,57922.11145000001
1736755200,0.43343,0.43343,0.41315,0.41375,177314.42192000002
1736769600,0.41384,0.43322,0.40885,0.42919,97472.7372
1736784000,0.43023,0.43192,0.41699,0.42398,44279.37391000002
1736798400,0.42378,0.44281,0.42129,0.43913,83363.93355000005
1736812800,0.43881,0.44464,0.43707,0.44229,18525.744769999998
1736827200,0.44256,0.44585,0.43994,0.44067,61682.91682999999
1736841600,0.4407,0.45257,0.4407,0.44659,57641.237199999996
1736856000,0.44708,0.45347,0.44409,0.45092,69736.03714
1736870400,0.44955,0.45672,0.44597,0.45464,200851.17947999985
1736884800,0.4543,0.45774,0.45243,0.45533,44142.36767999999
1736899200,0.45601,0.45939,0.45437,0.45746,75019.42333000002
1736913600,0.45922,0.46112,0.45503,0.45886,35671.28550000001
1736928000,0.45924,0.46082,0.44716,0.4499,99782.78883000006
1736942400,0.45026,0.4813,0.44812,0.47804,296653.6029999999
1736956800,0.47819,0.4833,0.47325,0.48313,72048.89465000005
1736971200,0.48351,0.48864,0.48019,0.48823,85628.15704000006
1736985600,0.48843,0.48869,0.47561,0.47707,63433.024329999986
1737000000,0.47849,0.48254,0.47767,0.47975,54651.18109
1737014400,0.48018,0.48131,0.4686,0.47847,69035.95646000002
1737028800,0.47858,0.4882,0.4679,0.4785,164371.48522
1737043200,0.47865,0.48536,0.47725,0.4818,193149.2433700001
1737057600,0.48291,0.48292,0.47069,0.47341,53542.6574
1737072000,0.47409,0.48727,0.47409,0.48412,106320.40557000003
1737086400,0.48485,0.50072,0.48331,0.49927,85171.55447
1737100800,0.50072,0.51685,0.49846,0.51323,181239.28294999988
1737115200,0.513,0.513,0.50288,0.50565,131532.30259
1737129600,0.50594,0.51036,0.50068,0.50574,100371.40663999997
1737144000,0.50734,0.51357,0.50706,0.50752,73361.52431000002
1737158400,0.50881,0.5137,0.49274,0.49602,98245.35366999997
1737172800,0.49468,0.49685,0.47377,0.47526,80502.05510000001
1737187200,0.47341,0.48425,0.46926,0.48339,124286.37889999995
1737201600,0.48381,0.48868,0.47629,0.47802,136380.70025999995
1737216000,0.47744,0.48021,0.47204,0.4798,106863.67812999997
1737230400,0.48061,0.48463,0.47276,0.4835,86132.67202
1737244800,0.48365,0.494,0.48365,0.48481,148587.77453999998
1737259200,0.4821,0.48345,0.468,0.46888,62056.060900000026
1737273600,0.46778,0.46778,0.44324,0.44337,404665.78193999984
1737288000,0.44736,0.48744,0.44735,0.48271,275033.9990499996
1737302400,0.48279,0.492,0.48166,0.48288,112575.83647000002
1737316800,0.48592,0.48815,0.43486,0.44316,376405.5707399999
1737331200,0.44484,0.45025,0.43135,0.44552,166129.25331000003
1737345600,0.44568,0.48449,0.4435,0.47366,383978.52564000024
1737360000,0.47523,0.47989,0.46264,0.46801,186312.84977000003
1737374400,0.46775,0.46819,0.45017,0.45301,174335.68035999988
1737388800,0.45302,0.46219,0.43088,0.44936,1085792.9151100006
1737403200,0.44832,0.44906,0.4375,0.44012,59550.37720999997
1737417600,0.44163,0.44259,0.43065,0.43613,147299.87982999996
1737432000,0.43534,0.43972,0.42789,0.43684,45344.27004
1737446400,0.43785,0.45416,0.43661,0.45123,49338.685089999984
1737460800,0.45213,0.45675,0.44772,0.45101,68963.82765999998
1737475200,0.45053,0.46434,0.45051,0.4576,153971.12159999998
1737489600,0.45744,0.45822,0.4502,0.45247,79592.78668000003
1737504000,0.45259,0.45454,0.44862,0.45161,88766.04168999998
1737518400,0.45266,0.45315,0.44832,0.44832,83730.90506000003
1737532800,0.44825,0.4537,0.445,0.45369,445255.9716700001
1737547200,0.45389,0.45389,0.44497,0.44672,155145.93088
1737561600,0.44511,0.45,0.44175,0.44491,119460.36630000002
1737576000,0.44622,0.44764,0.43948,0.44202,57231.02928999999
1737590400,0.44147,0.44223,0.43333,0.43746,93645.25262999994
1737604800,0.43728,0.43851,0.43298,0.43851,48922.150270000006
1737619200,0.4382,0.4382,0.43094,0.43247,135935.52939999994
1737633600,0.43344,0.4444,0.42953,0.44064,101826.23266000002
1737648000,0.4429,0.44784,0.43139,0.43232,148481.6619200001
1737662400,0.43232,0.44371,0.42944,0.4421,48961.50638999997
1737676800,0.44319,0.44321,0.42885,0.4347,39997.1122
1737691200,0.43242,0.44234,0.42802,0.43852,88115.81594
1737705600,0.43821,0.44685,0.43821,0.44612,77444.18837999999
1737720000,0.44701,0.4494,0.4416,0.44329,112525.14528000007
1737734400,0.44395,0.44531,0.4394,0.43967,27928.495410000007
1737748800,0.43967,0.43967,0.43075,0.43177,71687.54488000002
1737763200,0.43164,0.43854,0.42925,0.43854,42578.7666
1737777600,0.43796,0.43796,0.4307,0.43096,60707.008860000016
1737792000,0.43037,0.43468,0.42902,0.43466,63902.376919999995
1737806400,0.43437,0.43504,0.43225,0.43295,21828.380890000008
1737820800,0.43236,0.43577,0.43236,0.43487,102191.21204999997
1737835200,0.43561,0.43778,0.43338,0.43586,84341.82749000003
1737849600,0.43422,0.43915,0.43422,0.43873,14020.789710000005
1737864000,0.43874,0.441,0.43808,0.43942,48795.892139999996
1737878400,0.43942,0.44064,0.43326,0.43634,33791.419460000005
1737892800,0.43591,0.43746,0.43503,0.43686,20464.992270000006
1737907200,0.43608,0.44559,0.43557,0.44531,42572.07366000001
1737921600,0.44574,0.44749,0.4341,0.43412,49480.17259999998
1737936000,0.43463,0.43898,0.41954,0.42259,127008.87342999999
1737950400,0.42121,0.42121,0.38896,0.4015,242830.01356999992
1737964800,0.39825,0.40181,0.39299,0.39708,112534.02250999995
1737979200,0.40004,0.41515,0.39578,0.41155,145108.22687000004
1737993600,0.41157,0.41197,0.3973,0.40068,82122.13805999997
1738008000,0.40203,0.41998,0.40203,0.41523,87593.07562999999
1738022400,0.41521,0.41838,0.40966,0.41562,75538.24680999998
1738036800,0.41523,0.41883,0.41175,0.41243,47810.987649999995
1738051200,0.41195,0.41349,0.40854,0.4106,32966.09533999999
1738065600,0.4111,0.41243,0.40664,0.4094,104069.51737
1738080000,0.408,0.40837,0.40013,0.40257,60748.78958000001
1738094400,0.40258,0.40329,0.38649,0.3903,129675.14906
1738108800,0.38981,0.39917,0.38963,0.39737,21100.172989999992
1738123200,0.39804,0.40303,0.39646,0.40253,20608.80691
1738137600,0.40252,0.40336,0.39626,0.40071,22476.46720999999
1738152000,0.40054,0.40058,0.39061,0.39283,200413.2014
1738166400,0.39352,0.40041,0.38335,0.39798,114542.85419999994
1738180800,0.39666,0.40613,0.39451,0.39451,77064.26635
1738195200,0.39502,0.40551,0.39256,0.40551,66373.41786999999
1738209600,0.40633,0.40788,0.4023,0.40367,47552.12586000001
1738224000,0.404,0.41038,0.40351,0.41029,115096.12322000002
1738238400,0.40999,0.42051,0.40743,0.41935,142733.70093000017
1738252800,0.41775,0.4196,0.41495,0.41691,34705.07704999999
1738267200,0.41708,0.41708,0.41234,0.41234,21117.669130000006
1738281600,0.41178,0.41326,0.40601,0.40661,53124.133870000005
1738296000,0.40706,0.41593,0.40539,0.41128,86234.17577999998
1738310400,0.41101,0.41893,0.40769,0.41754,72065.10349999998
1738324800,0.41754,0.42317,0.41334,0.42255,84194.58443000003
1738339200,0.42347,0.42355,0.40801,0.41006,134554.48195999998
1738353600,0.41,0.41,0.40209,0.40755,72127.09411999998
1738368000,0.40705,0.41345,0.40705,0.40761,51691.75234
1738382400,0.40828,0.41148,0.40629,0.40642,38827.13798
1738396800,0.4069,0.40716,0.39803,0.4018,71877.24300999995
1738411200,0.40191,0.40315,0.39256,0.39568,170850.40063000002
1738425600,0.39507,0.3972,0.38595,0.3866,37853.216060000006
1738440000,0.38553,0.38692,0.37456,0.37456,109843.06935999992
1738454400,0.37449,0.3852,0.36743,0.36745,96783.18284000005
1738468800,0.3674,0.3779,0.36657,0.37302,68851.35999000003
1738483200,0.37323,0.37925,0.36485,0.36674,109614.31133999999
1738497600,0.36567,0.37192,0.36278,0.36642,68122.34068
1738512000,0.36632,0.36632,0.3303,0.34446,434221.62231999985
1738526400,0.34655,0.3522,0.31818,0.33301,394165.78091999993
1738540800,0.33368,0.335,0.24442,0.29091,1456722.572469998
1738555200,0.29095,0.31299,0.27956,0.31299,654538.6674
1738569600,0.31052,0.3167,0.30121,0.30714,215938.3763199999
1738584000,0.30971,0.32778,0.29885,0.32669,339206.42454999994
1738598400,0.32562,0.33634,0.322,0.33593,306958.6532799998
1738612800,0.33537,0.34568,0.32861,0.34184,324109.7897000001
1738627200,0.34151,0.34339,0.32818,0.33096,84930.00557999997
1738641600,0.3322,0.33276,0.30833,0.30972,1474153.850999999
1738656000,0.3108,0.32072,0.30705,0.31611,35113.68623000001
1738670400,0.31586,0.3232,0.31333,0.31782,89370.37194000003
1738684800,0.31707,0.3245,0.31333,0.31466,135674.59535
1738699200,0.31486,0.31667,0.30247,0.31368,181572.53063000002
1738713600,0.31252,0.31788,0.31124,0.31724,44897.17732000001
1738728000,0.31633,0.3228,0.31572,0.32109,237075.97593999995
1738742400,0.32068,0.32435,0.31796,0.32334,24540.770049999977
1738756800,0.32325,0.32466,0.31713,0.31955,62788.93442999999
1738771200,0.31925,0.31943,0.30747,0.31704,100286.38444000008
1738785600,0.31655,0.31793,0.30908,0.31153,146590.00146
1738800000,0.31201,0.31589,0.30872,0.31486,92856.18891
1738814400,0.31533,0.32071,0.3151,0.31702,39153.41224999999
1738828800,0.31777,0.31827,0.31119,0.31395,53133.32057
1738843200,0.31359,0.31359,0.29707,0.29925,133295.24073000002
1738857600,0.2989,0.30304,0.29613,0.29725,125122.94801999997
1738872000,0.29704,0.30119,0.29481,0.29642,56148.267589999996
1738886400,0.29861,0.30371,0.29696,0.30228,39010.723589999994
1738900800,0.30262,0.30383,0.29513,0.30223,35390.752219999995
1738915200,0.30089,0.31123,0.3008,0.30978,44677.63766999997
1738929600,0.3106,0.3199,0.308,0.31135,90680.24482999991
1738944000,0.31,0.31084,0.30218,0.30251,93432.13444999998
1738958400,0.3015,0.3015,0.29,0.29844,471063.8386099997
1738972800,0.29868,0.30263,0.29802,0.30052,28857.59878
1738987200,0.3003,0.30309,0.29691,0.30187,118728.90988999994
1739001600,0.30092,0.30098,0.29719,0.29791,9863.05771
1739016000,0.29953,0.3052,0.29781,0.30261,20927.752850000004
1739030400,0.30185,0.30875,0.30185,0.30735,44015.58184999999
1739044800,0.30754,0.3099,0.30668,0.30893,26412.273050000003
1739059200,0.30864,0.31742,0.30785,0.31719,20884.604250000004
1739073600,0.31557,0.31578,0.30883,0.31201,133872.25558999996
1739088000,0.31215,0.3154,0.31215,0.31335,13818.3893
1739102400,0.31275,0.31408,0.30541,0.31061,59609.13435999999
1739116800,0.31062,0.31125,0.30331,0.30331,116699.04285999997
1739131200,0.30442,0.30736,0.29245,0.30431,61822.22951999999
1739145600,0.30397,0.30744,0.29468,0.30264,69213.40578
1739160000,0.30218,0.30891,0.30175,0.30891,137980.69294000007
1739174400,0.30894,0.31192,0.30609,0.30671,25646.1005
1739188800,0.30666,0.31104,0.30371,0.30679,41337.78083999999
1739203200,0.30648,0.31141,0.30455,0.31141,24752.427079999983
1739217600,0.31193,0.31341,0.30972,0.31332,26221.567239999997
1739232000,0.31321,0.31741,0.31253,0.31492,114840.23664999999
1739246400,0.315,0.32922,0.315,0.32689,114939.98603000007
1739260800,0.32695,0.32844,0.32051,0.32271,62326.97365000001
1739275200,0.32252,0.32252,0.31162,0.31571,40182.14166000001
1739289600,0.31428,0.3163,0.30419,0.30587,73436.45589000004
1739304000,0.30508,0.31142,0.30486,0.30798,121025.69241
1739318400,0.30821,0.31061,0.30578,0.30756,42859.67914999999
1739332800,0.30802,0.31027,0.30556,0.30964,51313.47823000001
1739347200,0.30858,0.31137,0.30716,0.30987,26859.822640000006
1739361600,0.30968,0.31311,0.29986,0.31041,651040.9091999994
1739376000,0.31096,0.32297,0.30773,0.32286,362455.70786999946
1739390400,0.32189,0.3325,0.3202,0.3291,83999.99782
1739404800,0.32936,0.33158,0.32623,0.32966,31513.436410000002
1739419200,0.3294,0.3294,0.3177,0.31863,58355.50386000003
1739433600,0.31992,0.32052,0.3165,0.31884,92543.20426000006
1739448000,0.31874,0.32022,0.31328,0.31694,100398.85225000001
1739462400,0.3158,0.31766,0.31141,0.31348,47367.58856999999
1739476800,0.31461,0.31864,0.31407,0.31749,49759.00493
1739491200,0.31766,0.32142,0.31633,0.32117,52587.87943000001
1739505600,0.32097,0.32121,0.31626,0.3177,38798.895200000006
1739520000,0.3184,0.32528,0.31839,0.3208,29906.533830000008
1739534400,0.32111,0.3233,0.31738,0.32121,117543.50248
1739548800,0.32029,0.32975,0.31831,0.32548,109052.39014999999
1739563200,0.32635,0.32686,0.31951,0.32333,93571.00415999994
1739577600,0.32315,0.32659,0.32056,0.32582,34371.331419999995
1739592000,0.32617,0.32762,0.32242,0.32393,36654.50967
1739606400,0.32269,0.32417,0.32031,0.32153,48716.37247000001
1739620800,0.32125,0.32523,0.31845,0.31993,99654.70062999998
1739635200,0.31932,0.32072,0.3177,0.31801,17908.53696999999
1739649600,0.31756,0.3196,0.3156,0.31796,40075.06901000004
1739664000,0.3179,0.31936,0.3149,0.31625,14491.338660000001
1739678400,0.3181,0.31864,0.31575,0.31575,67174.96028000003
1739692800,0.31652,0.33221,0.31652,0.3317,39424.49788
1739707200,0.33184,0.33185,0.32208,0.32642,35952.60656
1739721600,0.32574,0.33028,0.32141,0.32474,176816.41501999993
1739736000,0.32492,0.32779,0.32242,0.3252,87140.24904999998
1739750400,0.32608,0.32965,0.32484,0.32592,33639.57267000001
1739764800,0.32553,0.32563,0.31969,0.32184,51622.31782
1739779200,0.32087,0.32808,0.32021,0.3273,355882.10839999997
1739793600,0.32762,0.33415,0.3219,0.3226,203194.18044000003
1739808000,0.32249,0.32433,0.31288,0.31761,164580.66807999997
1739822400,0.31764,0.32351,0.31746,0.31982,39213.89159999998
1739836800,0.31964,0.31988,0.31517,0.31568,38201.8376
1739851200,0.31497,0.31654,0.30281,0.30416,98520.15591000004
1739865600,0.30339,0.30703,0.30036,0.30218,66367.17425000003
1739880000,0.30304,0.30747,0.29788,0.29901,148139.86613000007
1739894400,0.29868,0.29981,0.29176,0.29596,513058.22593000025
1739908800,0.29513,0.30262,0.29355,0.30215,403427.5692700003
1739923200,0.30244,0.30469,0.29795,0.30354,111075.40880000006
1739937600,0.3032,0.30842,0.29788,0.30758,96386.02069
1739952000,0.30672,0.30847,0.30395,0.30632,24038.451779999996
1739966400,0.30657,0.30658,0.29855,0.29897,116827.6733
1739980800,0.29932,0.30228,0.29737,0.30041,76996.33274000001
1739995200,0.30125,0.30287,0.29762,0.30109,50097.95714
1740009600,0.30166,0.30383,0.29999,0.30357,45640.01371000001
1740024000,0.30378,0.30659,0.30138,0.30176,69031.17113999998
1740038400,0.30086,0.3043,0.30086,0.30287,26967.28757
1740052800,0.30308,0.30997,0.29949,0.30029,69594.27621000001
1740067200,0.29957,0.3073,0.29916,0.30595,61426.04355999999
1740081600,0.30646,0.30859,0.30487,0.30763,27020.914339999996
1740096000,0.30791,0.30791,0.30335,0.30417,12999.264459999997
1740110400,0.30518,0.31007,0.30518,0.3089,109731.28605999998
1740124800,0.30808,0.31512,0.30792,0.31096,102085.53910000005
1740139200,0.31097,0.31623,0.29925,0.30527,493647.52904999984
1740153600,0.30314,0.30753,0.28692,0.28891,416760.8676999999
1740168000,0.28779,0.29273,0.28626,0.29263,207448.70276000001
1740182400,0.29194,0.29559,0.29068,0.29531,765662.5740400002
1740196800,0.29491,0.29925,0.29273,0.29303,572476.8526300004
1740211200,0.29263,0.29559,0.29198,0.2943,317250.0480199998
1740225600,0.29471,0.29651,0.29343,0.29621,14767.320319999999
1740240000,0.29697,0.29906,0.2955,0.29627,48846.18085
1740254400,0.29586,0.2988,0.29497,0.29743,45534.19312000002
1740268800,0.2968,0.29794,0.29493,0.29493,10042.489580000003
1740283200,0.29412,0.2995,0.29402,0.29917,54011.381279999994
1740297600,0.29888,0.29888,0.29649,0.2965,171799.98188
1740312000,0.29724,0.29724,0.29001,0.29001,289484.97911
1740326400,0.2914,0.2947,0.2914,0.29286,55594.19877
1740340800,0.29266,0.29627,0.29181,0.29536,32160.01415
1740355200,0.29625,0.29835,0.2852,0.28675,99653.98540999998
1740369600,0.2855,0.28986,0.2823,0.28839,101059.91241000006
1740384000,0.28844,0.28845,0.28101,0.2866,115856.51584000004
1740398400,0.28567,0.28799,0.27952,0.28215,97367.54757999998
1740412800,0.28133,0.28452,0.27613,0.2784,519052.18264999974
1740427200,0.27798,0.28121,0.26296,0.2669,495724.34279
1740441600,0.26825,0.27064,0.26017,0.2671,185587.35694000014
1740456000,0.26699,0.26981,0.24911,0.25658,255061.20213000008
1740470400,0.25576,0.26343,0.25215,0.26343,323598.04441000015
1740484800,0.26199,0.26653,0.256,0.26237,103756.09528000001
1740499200,0.26182,0.27019,0.25947,0.27019,92418.17645
1740513600,0.2702,0.27541,0.26925,0.27208,179862.77053000013
1740528000,0.27228,0.28072,0.26931,0.27817,155114.22092
1740542400,0.27772,0.27996,0.27586,0.27869,29620.824810000002
1740556800,0.27888,0.28221,0.27586,0.27898,24019.24993000001
1740571200,0.27882,0.28032,0.26855,0.27803,75436.00177999996
1740585600,0.27833,0.27877,0.26396,0.26645,87585.01921000006
1740600000,0.26693,0.27909,0.26506,0.27232,150688.04537999994
1740614400,0.27429,0.27917,0.27152,0.27917,108847.76399999997
1740628800,0.2794,0.28268,0.2752,0.28235,83953.08193000003
1740643200,0.28271,0.28722,0.28223,0.28324,66569.95579999998
1740657600,0.28355,0.28355,0.27615,0.27922,99930.26154999995
1740672000,0.27989,0.27989,0.27359,0.27426,173110.14912000002
1740686400,0.27389,0.27722,0.26963,0.277,54506.26397999999
1740700800,0.27675,0.27699,0.26006,0.26006,312452.2576100002
1740715200,0.25991,0.26225,0.25671,0.25958,316619.20524
1740729600,0.26064,0.2636,0.255,0.25957,152796.94744999998
1740744000,0.2599,0.27111,0.25752,0.26983,365591.16829999984
1740758400,0.26917,0.27293,0.26767,0.27118,42497.544549999984
1740772800,0.2719,0.2729,0.26993,0.27211,18239.879920000003
1740787200,0.27173,0.27439,0.26873,0.27311,78316.75908
1740801600,0.27333,0.27553,0.27,0.27153,85858.95429999998
1740816000,0.27122,0.27336,0.26785,0.26926,11396.221050000002
1740830400,0.26769,0.26975,0.26588,0.26975,33236.155459999994
1740844800,0.26914,0.278,0.26914,0.278,62352.444550000015
1740859200,0.27789,0.28541,0.27708,0.28253,210141.1576299999
1740873600,0.28173,0.28237,0.2793,0.28099,44314.41042000001
1740888000,0.28114,0.28189,0.27859,0.27859,20491.911709999997
1740902400,0.27785,0.28002,0.2767,0.27868,32537.41923999999
1740916800,0.27743,0.29162,0.27525,0.28743,132439.17845
1740931200,0.28834,0.31013,0.28709,0.30502,432112.96080000006
1740945600,0.30504,0.30587,0.30174,0.30314,316477.11975000025
1740960000,0.3035,0.3035,0.29018,0.29072,330242.9240200001
1740974400,0.29137,0.29326,0.28193,0.28774,113791.66336999991
1740988800,0.28716,0.28716,0.27967,0.28216,25679.351129999995
1741003200,0.2836,0.28535,0.27388,0.27544,156456.81127999994
1741017600,0.27484,0.27693,0.25092,0.25294,705023.8818000002
1741032000,0.25175,0.25703,0.25076,0.25622,177087.3293
1741046400,0.254,0.25635,0.23435,0.24528,332843.3496299998
1741060800,0.24448,0.24921,0.24269,0.24368,151957.1290100001
1741075200,0.2429,0.24543,0.24167,0.24346,80873.79241999998
1741089600,0.24206,0.24897,0.23432,0.23907,240415.16598
1741104000,0.23872,0.24897,0.22887,0.24883,313134.3142199994
1741118400,0.24833,0.252,0.24415,0.24873,132970.99079999997
1741132800,0.24877,0.2509,0.24609,0.24609,85259.60664
1741147200,0.24648,0.24878,0.24517,0.24823,57916.90979000002
1741161600,0.24848,0.25755,0.24848,0.25299,511462.3504399998
1741176000,0.25347,0.25458,0.24836,0.25076,823847.73023
1741190400,0.25021,0.25552,0.24771,0.25552,112926.31625999999
1741204800,0.25571,0.25751,0.25494,0.25585,82889.85232000002
1741219200,0.25587,0.25752,0.25167,0.25634,62915.34524000001
1741233600,0.25623,0.2601,0.25576,0.25683,41358.450039999996
1741248000,0.25666,0.25885,0.25614,0.25831,44593.24015
1741262400,0.25693,0.25693,0.24947,0.25427,98047.66757999998
1741276800,0.25433,0.25481,0.24517,0.24757,148811.20744000003
1741291200,0.24776,0.25319,0.24751,0.24946,88637.52487999995
1741305600,0.24994,0.25102,0.23663,0.24504,163335.9868400001
1741320000,0.24402,0.24737,0.24219,0.24737,63711.09792999998
1741334400,0.24773,0.24917,0.24518,0.24728,27341.49911
1741348800,0.24797,0.25274,0.246,0.24883,153622.65878
1741363200,0.249,0.25074,0.24172,0.24731,170031.04796999993
1741377600,0.24738,0.24833,0.24,0.24131,69619.39932
1741392000,0.24051,0.2418,0.23765,0.24051,36863.38061000001
1741406400,0.24036,0.24264,0.23963,0.24004,17449.725079999993
1741420800,0.23925,0.24011,0.23718,0.23869,193173.97566000008
1741435200,0.23911,0.24365,0.23866,0.24299,32852.36663000001
1741449600,0.2427,0.24558,0.23953,0.24549,45268.27360999999
1741464000,0.24541,0.2475,0.24455,0.24587,44268.82132
1741478400,0.24661,0.24714,0.24264,0.2434,46261.221019999975
1741492800,0.24283,0.24448,0.24127,0.24375,24539.82232
1741507200,0.24352,0.24352,0.23663,0.2383,268061.50535000005
1741521600,0.23871,0.23871,0.23199,0.23199,45728.719090000006
1741536000,0.23249,0.23422,0.21976,0.225,355076.6637899998
1741550400,0.2246,0.22611,0.21912,0.22072,519942.0117300004
1741564800,0.2211,0.22528,0.21783,0.22523,148630.60231000002
1741579200,0.22454,0.22783,0.22399,0.22783,51888.60304999996
1741593600,0.22781,0.23152,0.22171,0.22952,75171.19557000003
1741608000,0.22935,0.23078,0.21693,0.22006,73110.88515000002
1741622400,0.21938,0.21938,0.19952,0.20938,509621.08887999994
1741636800,0.20914,0.21005,0.20385,0.20385,183184.19426999995
1741651200,0.20381,0.20617,0.19099,0.20394,321831.1498299998
1741665600,0.20293,0.21233,0.20293,0.21061,95125.49147999998
1741680000,0.20925,0.21291,0.2092,0.21152,51436.95388000001
1741694400,0.21154,0.21342,0.20283,0.2121,131344.85958999998
1741708800,0.2104,0.21774,0.20874,0.21633,232178.74788000007
1741723200,0.21661,0.21791,0.2139,0.21437,63786.89437999999
1741737600,0.21492,0.21724,0.21009,0.2101,65503.317570000014
1741752000,0.21007,0.21506,0.20897,0.21506,103173.01249000004
1741766400,0.21529,0.21965,0.21417,0.21965,27099.630780000014
1741780800,0.22016,0.22384,0.2111,0.21351,85264.78359999998
1741795200,0.21426,0.21806,0.21298,0.21414,125861.35793999999
1741809600,0.21433,0.2171,0.21409,0.21696,151144.81285999995
1741824000,0.21656,0.2179,0.21511,0.21641,196634.6639
1741838400,0.21624,0.21689,0.21255,0.21491,38942.786270000004
1741852800,0.2144,0.21921,0.21405,0.21706,252989.97613
1741867200,0.21825,0.22075,0.21172,0.21191,202521.33469999998
1741881600,0.212,0.212,0.20675,0.20749,136497.90858
1741896000,0.20744,0.2126,0.20613,0.2108,32584.01635999999
1741910400,0.21067,0.21354,0.21027,0.21289,182148.13430999996
1741924800,0.21304,0.21444,0.21304,0.21355,38309.45041
1741939200,0.21402,0.21645,0.21373,0.21492,105209.68334000003
1741953600,0.21455,0.21839,0.21203,0.21698,278430.87717000005
1741968000,0.21733,0.21823,0.21526,0.21679,303569.2991699999
1741982400,0.21677,0.21677,0.21466,0.21466,30491.49491999999
1741996800,0.21468,0.21746,0.21388,0.21732,18097.652170000005
1742011200,0.21761,0.21852,0.21524,0.2153,17666.040939999995
1742025600,0.21536,0.21668,0.21434,0.2164,28538.88544000001
1742040000,0.21664,0.21731,0.21492,0.21589,270377.19694999984
1742054400,0.21545,0.21824,0.21528,0.21676,22110.665650000003
1742068800,0.21683,0.21918,0.21683,0.21897,25485.579260000006
1742083200,0.21896,0.21955,0.21546,0.21778,22798.41407999999
1742097600,0.21751,0.21948,0.21751,0.21897,16855.653019999994
1742112000,0.21902,0.21902,0.21113,0.21141,74632.63030000002
1742126400,0.21115,0.21303,0.20941,0.21161,24599.599139999995
1742140800,0.21266,0.21556,0.20707,0.20762,100135.79907000004
1742155200,0.20803,0.21002,0.20731,0.20959,110186.56266000001
1742169600,0.21002,0.21592,0.20983,0.21513,34297.573570000015
1742184000,0.21619,0.21619,0.21282,0.21603,31399.281489999998
1742198400,0.21627,0.21808,0.21584,0.21783,14859.810790000001
1742212800,0.21743,0.21992,0.21217,0.21465,32228.210119999996
1742227200,0.21462,0.21747,0.21267,0.21633,91617.20261999994
1742241600,0.21651,0.21704,0.214,0.21448,154539.98976999993
1742256000,0.21387,0.2142,0.20916,0.2097,26923.21625000001
1742270400,0.21033,0.21176,0.20858,0.21147,28983.649260000006
1742284800,0.21145,0.21191,0.20719,0.20757,237076.50662999996
1742299200,0.20769,0.20795,0.20296,0.20464,126545.45656000006
1742313600,0.20498,0.20755,0.2034,0.20754,135956.29973000006
1742328000,0.20758,0.2121,0.20723,0.21152,52186.88266000002
1742342400,0.21192,0.21384,0.21041,0.21308,17517.40283
1742356800,0.21335,0.21349,0.21038,0.21038,48120.304130000004
1742371200,0.21042,0.21746,0.21042,0.21704,95094.05287000001
1742385600,0.21676,0.21854,0.2145,0.21682,72785.71833999999
1742400000,0.2165,0.21774,0.21286,0.21527,200673.12683000005
1742414400,0.21597,0.22174,0.21597,0.22045,95164.64181999998
1742428800,0.2207,0.2207,0.21659,0.21772,41655.52236999999
1742443200,0.21784,0.2182,0.21663,0.21747,31769.042609999997
1742457600,0.21747,0.21905,0.21278,0.21359,174074.48884
1742472000,0.21288,0.21594,0.21187,0.21309,39527.22841999999
1742486400,0.21259,0.21297,0.20949,0.21181,81474.86675999998
1742500800,0.21159,0.2126,0.21006,0.21136,55760.4049
1742515200,0.21184,0.21343,0.21065,0.21065,42789.263190000005
1742529600,0.21113,0.21206,0.20934,0.21025,95963.55902000004
1742544000,0.21066,0.21129,0.20557,0.20671,150378.81897999995
1742558400,0.20644,0.20695,0.20394,0.20486,60100.186190000015
1742572800,0.20473,0.20862,0.20473,0.20562,87291.51367
1742587200,0.20608,0.20728,0.20509,0.20552,59866.68765000001
1742601600,0.20649,0.20778,0.20619,0.20773,20621.2292
1742616000,0.20787,0.21083,0.20768,0.21065,47937.58900000001
1742630400,0.21102,0.21291,0.21009,0.21011,51229.442039999994
1742644800,0.21031,0.21068,0.2082,0.20973,38649.824359999984
1742659200,0.20994,0.21147,0.20983,0.21053,37316.09133
1742673600,0.21072,0.21093,0.20778,0.20912,34689.43379
1742688000,0.20931,0.21204,0.20931,0.21188,24385.829660000003
1742702400,0.21208,0.21228,0.20994,0.21156,20774.123359999998
1742716800,0.21174,0.21349,0.21174,0.21219,29136.68253999999
1742731200,0.21219,0.21309,0.21041,0.21107,36000.73187999999
1742745600,0.21024,0.21105,0.20817,0.21045,47950.803530000005
1742760000,0.21073,0.21303,0.21073,0.21281,33245.378659999995
1742774400,0.2127,0.21406,0.20994,0.21291,47049.88903999999
1742788800,0.21315,0.21964,0.21315,0.21862,103551.26483999997
1742803200,0.21876,0.22072,0.2184,0.21914,77483.94941999996
1742817600,0.21872,0.22225,0.21728,0.21992,88870.06706999996
1742832000,0.22011,0.22151,0.218,0.22151,97909.00815000001
1742846400,0.22126,0.22165,0.21789,0.21915,74750.12056000004
1742860800,0.21928,0.22088,0.21729,0.21739,71008.83016000001
1742875200,0.21717,0.22092,0.21689,0.21977,49386.647669999984
1742889600,0.21983,0.22438,0.21983,0.22386,64928.053830000004
1742904000,0.22363,0.22691,0.22294,0.22353,117165.47623999997
1742918400,0.22382,0.22783,0.22382,0.22783,235648.11208000014
1742932800,0.2279,0.22943,0.22707,0.22918,87885.41537999999
1742947200,0.22902,0.23435,0.2287,0.23009,138452.51161
1742961600,0.2311,0.24436,0.2311,0.24261,242140.26130000016
1742976000,0.24261,0.24644,0.24226,0.24614,145286.90572
1742990400,0.24594,0.24594,0.23075,0.23327,342471.58971
1743004800,0.23311,0.23643,0.22955,0.23467,182096.42085999993
1743019200,0.23468,0.23686,0.23149,0.23263,48690.324729999964
1743033600,0.23253,0.2381,0.23219,0.23809,139021.55911
1743048000,0.23869,0.24371,0.238,0.23909,246875.78501
1743062400,0.23915,0.24128,0.23122,0.23177,118542.88703999999
1743076800,0.2316,0.23626,0.22978,0.23523,138327.14547000002
1743091200,0.23466,0.23646,0.23113,0.23273,124483.10113999996
1743105600,0.23193,0.23363,0.23083,0.2311,55129.66480999998
1743120000,0.23085,0.23092,0.2255,0.22576,83261.90237999994
1743134400,0.22586,0.22594,0.21389,0.21421,257243.9775300001
1743148800,0.21448,0.21484,0.21156,0.21355,76237.11233
1743163200,0.21308,0.214,0.20949,0.20999,61484.02715
1743177600,0.21017,0.21036,0.20761,0.20833,173321.75016999996
1743192000,0.20925,0.21334,0.20924,0.21256,38672.993469999994
1743206400,0.21258,0.21287,0.20744,0.20954,56413.37641
1743220800,0.20939,0.20979,0.20477,0.20477,27741.699360000002
1743235200,0.20538,0.2057,0.20064,0.20065,139178.4156
1743249600,0.20184,0.20458,0.20119,0.20164,73254.13639999997
1743264000,0.20147,0.20206,0.19756,0.20001,308693.8444200001
1743278400,0.20084,0.20268,0.19962,0.20268,36741.19255999999
1743292800,0.20177,0.20661,0.20033,0.20481,49882.15034999998
1743307200,0.20461,0.20703,0.20387,0.20454,148788.10465000005
1743321600,0.20541,0.20613,0.2036,0.20446,34057.431789999995
1743336000,0.20417,0.2051,0.20198,0.20256,44570.84656
1743350400,0.20317,0.20556,0.20041,0.20424,85705.04303000004
1743364800,0.20403,0.20515,0.2007,0.20429,33193.56840999999
1743379200,0.20413,0.20527,0.20156,0.20156,89367.15259000001
1743393600,0.20181,0.20453,0.20091,0.2013,75001.68422999998
1743408000,0.20197,0.20364,0.1998,0.20279,102974.00000999999
1743422400,0.20354,0.20915,0.20172,0.2078,493163.5254700004
1743436800,0.20756,0.2081,0.20181,0.20181,84563.37069000001
1743451200,0.2015,0.20297,0.19997,0.202,103803.66819999997
