1735689600,188.93,192.19,188.78,189.91,17012.067624740015
1735704000,189.92,190.13,188.94,189.8,12382.476610040005
1735718400,189.81,191.47,187.63,190.9,9461.817061879994
1735732800,190.9,191.66,188.94,191.41,14933.250838990003
1735747200,191.42,193.51,188.95,192.71,27903.84789392999
1735761600,192.71,194.72,192.71,193.82,27602.420463580034
1735776000,193.88,199.13,193.1,198.17,38698.65635389987
1735790400,198.18,206.44,198.18,205.65,63218.65106015
1735804800,205.67,208.45,205.4,208.35,26577.005707019973
1735819200,208.32,209.95,205.34,206.51,74071.93772249973
1735833600,206.45,208.81,204.67,206.41,54276.28434959001
1735848000,206.42,208.19,204.98,208.0,27640.153385970094
1735862400,208.03,208.14,205.61,207.8,11618.009420090015
1735876800,207.85,209.74,206.97,207.81,16692.71304593998
1735891200,207.82,214.98,207.6,214.53,25228.755371110034
1735905600,214.45,218.32,212.07,217.2,61452.51730793964
1735920000,217.2,219.57,216.4,217.06,51599.777335269704
1735934400,217.06,217.84,215.82,217.7,11454.464121430025
1735948800,217.72,217.88,216.0,216.83,15727.860181869974
1735963200,216.83,217.82,215.66,216.65,17540.13064767002
1735977600,216.6,216.62,214.43,216.39,10640.024738419968
1735992000,216.4,217.5,213.61,214.43,18667.135384460045
1736006400,214.38,215.93,213.71,215.59,16479.93479847003
1736020800,215.62,217.18,215.51,216.67,13227.657381569983
1736035200,216.67,218.67,215.25,217.81,11596.465796740024
1736049600,217.82,218.82,215.93,216.4,6162.562486040004
1736064000,216.4,216.47,212.89,213.76,12247.072862170044
1736078400,213.76,214.46,211.66,213.55,13968.444352740064
1736092800,213.51,214.25,211.51,212.76,19806.97876986004
1736107200,212.77,214.45,212.61,213.35,10017.147626969952
1736121600,213.42,216.93,211.51,215.54,12548.700704739998
1736136000,215.56,216.81,214.0,215.17,11463.551924780015
1736150400,215.18,216.01,213.34,215.99,11014.71440419
1736164800,216.0,222.0,215.83,221.51,63017.90511163943
1736179200,221.51,223.11,217.35,220.22,59356.976019839836
1736193600,220.23,220.51,217.91,218.45,16907.09246125004
1736208000,218.46,219.0,216.51,217.58,24574.02671799008
1736222400,217.59,217.59,215.68,216.02,10316.48574358
1736236800,216.02,216.86,213.02,214.13,20620.872765869986
1736251200,214.13,214.28,205.5,207.81,98767.26608512999
1736265600,207.8,209.0,203.45,204.45,67759.23202449
1736280000,204.44,204.79,201.82,202.16,26554.29894508001
1736294400,202.16,203.17,196.73,198.68,35840.43249149989
1736308800,198.68,199.37,193.3,195.77,49233.7949683
1736323200,195.77,197.95,194.58,195.44,67875.74394444993
1736337600,195.46,199.52,194.85,197.63,33436.64261942995
1736352000,197.63,197.86,188.37,194.44,96502.90883207951
1736366400,194.43,198.16,193.68,197.48,28342.39201693994
1736380800,197.48,199.0,194.13,194.37,27825.9586436
1736395200,194.38,195.26,189.69,189.96,23831.808085560016
1736409600,189.95,192.71,189.1,191.13,58308.50967607974
1736424000,191.08,192.99,185.11,192.1,85330.46728968967
1736438400,192.14,192.86,185.79,185.89,45561.51877056974
1736452800,186.03,187.41,182.2,185.06,53086.33774515966
1736467200,185.06,189.39,185.06,189.16,15333.56369091
1736481600,189.16,192.97,188.6,191.71,46258.753058549955
1736496000,191.75,192.75,191.29,191.95,15704.175514739973
1736510400,191.95,191.98,183.46,187.26,47372.376468849856
1736524800,187.26,192.0,183.81,190.22,82196.35267561013
1736539200,190.22,190.36,186.75,187.56,23017.17084668003
1736553600,187.62,188.67,185.63,186.28,18809.08660832001
1736568000,186.29,187.07,185.23,186.09,12951.910003550029
1736582400,186.09,186.83,184.17,186.67,23156.49433308999
1736596800,186.64,188.0,185.87,186.9,11053.88203309003
1736611200,186.91,187.87,185.53,187.65,12452.628698520048
1736625600,187.65,191.69,187.41,187.95,26703.744029019897
1736640000,188.03,188.53,186.58,187.16,10679.125731450018
1736654400,187.17,187.27,185.54,186.37,15065.314053470029
1736668800,186.47,186.83,185.16,186.57,17682.144183830012
1736683200,186.57,190.79,186.16,190.41,11729.785987840067
1736697600,190.41,190.54,188.53,188.75,13091.815201510028
1736712000,188.74,189.76,186.45,188.48,18369.086499410023
1736726400,188.48,191.7,183.98,184.94,28735.80090493002
1736740800,184.93,186.72,181.34,182.19,53889.86368640992
1736755200,182.21,182.31,175.13,175.22,63830.16148629981
1736769600,175.18,180.19,168.74,178.77,118194.93758447074
1736784000,178.8,179.6,174.43,177.49,37510.528419520015
1736798400,177.57,183.69,176.52,182.73,29083.247519980312
1736812800,182.78,184.54,181.83,184.13,18241.560271800052
1736827200,184.15,186.73,184.15,185.54,15211.518505190008
1736841600,185.56,189.96,185.56,187.02,35209.50433473993
1736856000,186.99,189.96,185.58,186.89,28213.36001236004
1736870400,186.87,187.74,185.72,186.9,30986.181928560178
1736884800,186.9,188.71,185.82,187.49,14353.160754779938
1736899200,187.53,189.62,186.98,189.61,20221.607257660038
1736913600,189.62,190.6,188.19,189.96,24950.48691804004
1736928000,189.97,190.59,185.88,186.93,23949.96151179003
1736942400,186.92,198.0,186.0,196.5,54508.781464259686
1736956800,196.7,202.35,196.58,202.0,51625.00574930002
1736971200,202.01,206.0,202.01,206.0,48149.44564315993
1736985600,206.0,206.22,201.45,201.96,35152.70925044001
1737000000,201.97,203.34,201.46,203.0,9928.567104169999
1737014400,203.0,212.51,198.32,212.51,71378.83088010992
1737028800,212.53,216.9,205.57,208.96,159678.15262057024
1737043200,208.96,215.29,208.96,214.18,60429.657392709945
1737057600,214.17,214.46,208.05,211.06,57957.19975436992
1737072000,211.06,215.0,209.83,211.16,42046.28162960001
1737086400,211.16,213.96,211.15,213.3,32148.993213960042
1737100800,213.35,219.51,213.27,218.95,55659.40277742986
1737115200,218.84,221.95,216.57,218.59,86406.09906814972
1737129600,218.59,221.9,215.71,217.38,93160.35023677963
1737144000,217.31,221.14,216.7,219.59,40001.11795267994
1737158400,219.6,228.66,217.41,220.56,62687.76782068006
1737172800,220.56,237.92,220.02,232.9,259474.9751286699
1737187200,232.91,244.77,230.88,238.78,162565.32570739117
1737201600,238.81,259.76,238.81,257.72,205961.4989847193
1737216000,257.67,270.0,242.6,255.26,464609.4332882906
1737230400,255.26,264.18,246.73,261.51,175775.96276807913
1737244800,261.52,264.54,251.95,255.34,125287.89151761963
1737259200,255.35,277.17,254.07,271.11,255995.95242261986
1737273600,271.11,295.9,266.22,285.27,272701.86084346677
1737288000,285.71,296.0,263.38,270.19,262237.94974039943
1737302400,270.13,275.0,263.81,268.97,169845.87238307946
1737316800,269.14,278.23,236.96,252.22,716198.5370416208
1737331200,252.23,252.78,229.5,241.28,280838.6952690455
1737345600,241.28,264.96,238.91,261.61,187949.76353534928
1737360000,261.6,272.78,256.38,260.25,167644.10218452962
1737374400,260.27,261.15,249.76,253.86,104909.60622074982
1737388800,253.8,256.38,235.0,246.01,275912.34928707813
1737403200,246.01,250.57,241.33,241.91,74732.56041686056
1737417600,241.91,244.49,232.07,237.83,72995.85721588005
1737432000,237.61,238.63,230.15,236.76,47174.16896714001
1737446400,236.51,241.84,235.44,239.37,51927.36509000984
1737460800,239.37,244.5,235.58,240.73,98943.28389362044
1737475200,240.76,260.0,239.51,253.48,165534.2538855496
1737489600,253.48,255.8,246.75,250.48,88823.19407197963
1737504000,250.48,257.06,248.69,254.07,34889.22554054998
1737518400,254.15,259.5,252.42,258.51,36102.06020627997
1737532800,258.55,258.6,252.22,257.68,22531.87114774996
1737547200,257.73,264.61,254.64,257.32,66083.39909445957
1737561600,257.33,266.1,253.29,265.26,77085.49188824002
1737576000,265.25,271.88,255.54,257.5,222565.10289983015
1737590400,257.51,258.21,246.34,248.79,101368.78968304918
1737604800,248.73,250.38,245.0,249.25,77240.57451555967
1737619200,249.3,249.3,242.2,244.09,55900.65323131003
1737633600,244.08,254.59,242.22,249.35,100089.7570764299
1737648000,249.62,256.23,245.37,246.92,121237.91445700976
1737662400,246.93,258.44,243.53,253.08,196676.31587753847
1737676800,253.16,256.4,247.5,252.38,44816.93310614989
1737691200,252.38,264.41,250.7,259.69,68925.40759382003
1737705600,259.75,267.18,259.71,267.07,42783.0185560299
1737720000,267.07,269.69,260.95,262.29,84274.60427920932
1737734400,262.3,265.52,260.53,261.96,52216.71544529029
1737748800,261.96,262.38,253.0,253.35,65199.89043831011
1737763200,253.42,253.65,248.15,252.82,39206.988804480105
1737777600,252.82,252.82,246.37,247.23,48893.28986663993
1737792000,247.25,250.7,246.41,250.08,26554.14864422999
1737806400,250.07,251.34,248.55,250.67,26275.972392969976
1737820800,249.48,260.85,249.47,258.46,57013.97072691992
1737835200,258.47,259.62,255.64,256.2,22762.94656274992
1737849600,256.32,259.5,253.52,258.36,24453.416676879966
1737864000,258.32,259.98,257.43,258.79,12632.001885719981
1737878400,258.89,258.89,252.92,255.63,24946.458304779902
1737892800,255.59,257.36,253.25,254.66,13603.717783069966
1737907200,254.59,257.39,253.88,256.24,21076.340068800066
1737921600,256.28,256.59,240.36,240.59,90157.4045922599
1737936000,240.4,242.54,232.89,235.66,94284.33304476917
1737950400,235.69,235.7,222.0,227.44,147576.16162991017
1737964800,227.44,227.89,221.1,226.01,80293.39710559961
1737979200,226.0,237.71,223.72,233.71,141026.09038339063
1737993600,233.72,235.81,224.02,226.26,143587.97729437923
1738008000,226.26,237.72,226.26,234.98,88720.25724826026
1738022400,234.98,237.55,233.03,236.68,30870.274226970047
1738036800,236.68,244.05,236.68,238.81,43703.89410696982
1738051200,238.81,239.66,235.44,238.27,17773.95176886001
1738065600,238.32,240.16,233.85,237.36,49883.73301861994
1738080000,237.46,237.7,230.38,232.2,43882.9927812099
1738094400,232.19,232.37,224.99,227.04,75177.96902287974
1738108800,227.04,231.93,226.74,231.11,34805.750709830056
1738123200,231.12,234.73,229.82,234.37,46071.127858039974
1738137600,234.38,235.61,230.21,231.86,23828.395708009997
1738152000,231.89,231.93,221.11,228.4,63160.702615760005
1738166400,228.36,235.72,222.43,231.57,86537.03811791989
1738180800,231.57,238.24,227.71,227.99,82805.31624720967
1738195200,228.0,240.8,226.9,240.13,51849.64533593994
1738209600,240.14,242.0,237.34,238.73,42987.111310899956
1738224000,238.74,241.79,238.09,241.71,52400.53255948998
1738238400,241.78,244.69,239.21,241.12,44031.13191402985
1738252800,241.13,243.35,239.0,241.09,28985.128177760038
1738267200,241.1,242.29,238.5,238.53,22015.06165558002
1738281600,238.53,239.08,235.03,235.85,26780.21205967998
1738296000,235.9,238.36,234.88,235.89,20593.77983840003
1738310400,235.89,239.02,234.31,238.85,18972.957559110055
1738324800,238.83,241.69,236.14,240.18,35842.561637329985
1738339200,240.16,240.23,230.1,230.5,61454.35105557974
1738353600,230.5,231.69,225.0,231.69,60273.45647703977
1738368000,231.69,234.0,230.64,231.41,15035.060820949999
1738382400,231.44,232.96,230.1,230.55,12111.433413770013
1738396800,230.55,230.81,225.98,227.95,39964.90028310997
1738411200,227.95,229.37,225.0,226.36,31501.81266464006
1738425600,226.37,227.54,221.27,221.67,36541.39362120001
1738440000,221.67,221.67,212.88,212.94,103590.60754065041
1738454400,212.96,218.72,207.0,207.0,57566.60694793015
1738468800,207.0,214.0,206.8,211.66,55030.84412393993
1738483200,211.75,215.55,207.9,208.64,35721.515589479946
1738497600,208.58,213.97,208.16,211.86,31029.098316779928
1738512000,211.99,211.99,195.0,203.48,151476.85982263982
1738526400,203.27,206.61,192.2,203.38,92459.62631550997
1738540800,203.38,203.63,175.08,198.11,324097.6884856794
1738555200,198.1,199.95,189.43,199.27,90361.56080692964
1738569600,199.32,202.22,193.65,198.75,69311.39854995962
1738584000,198.76,210.28,190.01,207.63,135702.60710978092
1738598400,207.47,215.55,204.17,215.36,110011.67881939992
1738612800,215.36,218.66,210.14,216.53,54759.42985076999
1738627200,216.54,220.0,214.26,215.62,49706.07035603018
1738641600,215.63,216.15,202.27,204.53,111442.13642821988
1738656000,204.41,210.99,202.69,207.84,34420.780939349985
1738670400,207.84,216.9,207.83,215.88,50274.78130454002
1738684800,215.82,218.45,208.4,208.5,51168.400313589926
1738699200,208.55,210.71,202.66,206.66,58430.51931566001
1738713600,206.71,209.48,204.96,207.35,15792.183001690024
1738728000,207.44,208.39,203.73,205.23,10864.477152150033
1738742400,205.19,206.8,203.08,206.29,36648.68760392983
1738756800,206.3,207.63,201.5,201.91,25570.22541376998
1738771200,201.73,202.08,196.57,199.6,91722.37249287995
1738785600,199.6,200.5,195.12,195.94,69338.57881255975
1738800000,196.12,201.2,196.06,200.78,20600.842548920056
1738814400,200.78,203.85,200.32,202.04,10603.578400849996
1738828800,202.08,204.17,198.81,200.35,36641.102621720085
1738843200,200.35,200.62,190.59,191.3,45011.26866430002
1738857600,191.26,192.98,188.51,189.96,76519.84785341033
1738872000,189.94,194.5,187.33,189.57,33591.10259763002
1738886400,189.56,195.82,189.33,193.3,17764.99725111998
1738900800,193.34,195.35,189.32,192.55,14024.154090819999
1738915200,192.6,198.57,191.81,198.57,19794.93754914998
1738929600,198.57,203.47,196.03,198.03,59013.43239986008
1738944000,198.03,199.1,194.73,195.46,41522.02929421983
1738958400,195.49,195.5,188.17,192.16,50729.92280346005
1738972800,192.16,194.22,191.5,193.04,23356.73132538003
1738987200,193.04,193.27,189.72,192.76,22196.053774449945
1739001600,192.78,194.94,191.75,194.28,22574.914943089992
1739016000,194.31,196.24,192.84,193.19,19512.083152290008
1739030400,193.41,198.23,193.16,196.91,23065.23891970003
1739044800,197.02,200.83,196.84,199.43,16816.01169014
1739059200,199.41,207.03,198.76,207.02,14287.626848670016
1739073600,207.01,207.31,204.02,204.03,31480.535910389994
1739088000,204.05,204.6,201.3,201.5,24033.431217510002
1739102400,201.48,202.79,196.71,200.76,22942.223891949998
1739116800,200.76,202.28,198.03,199.16,22718.11744455999
1739131200,199.16,200.9,193.8,200.59,52559.373267099996
1739145600,200.54,204.94,196.1,201.87,38106.575793759934
1739160000,201.99,204.5,200.07,202.82,25537.16217442004
1739174400,202.85,205.96,202.65,204.73,14389.141166260004
1739188800,204.61,209.0,201.63,203.1,34414.695382969985
1739203200,203.07,204.24,201.09,201.38,24166.237581200014
1739217600,201.38,202.69,199.35,200.53,27283.567480540092
1739232000,200.53,204.76,200.02,201.23,20481.41596072999
1739246400,201.21,206.1,201.2,204.44,20831.763062210044
1739260800,204.46,205.87,201.37,203.43,32534.161826190015
1739275200,203.45,203.45,198.0,199.47,17851.061017960023
1739289600,199.49,200.0,195.18,195.63,35211.40223577002
1739304000,195.63,199.49,195.6,197.96,27608.835477290126
1739318400,197.96,198.44,193.82,194.32,15453.857086310021
1739332800,194.18,196.32,193.2,195.26,23875.581565360037
1739347200,195.2,197.83,195.11,197.24,5588.522686899994
1739361600,197.27,198.49,188.65,192.01,70803.02714864009
1739376000,191.78,196.61,189.4,193.62,79995.4252486298
1739390400,193.71,198.47,193.05,196.77,36470.029704459994
1739404800,196.81,198.08,195.05,198.08,15336.94312816998
1739419200,198.08,198.43,192.89,193.08,9723.329549960004
1739433600,193.11,193.49,191.18,191.92,8161.971730870001
1739448000,191.95,193.0,189.0,192.0,28425.5886436599
1739462400,192.0,194.56,190.09,192.76,31118.465157029907
1739476800,192.76,195.31,192.66,194.31,34374.88780628986
1739491200,194.31,197.26,194.22,197.0,11535.518956780017
1739505600,197.01,197.2,194.81,196.61,26247.488102310013
1739520000,196.61,201.25,196.39,199.61,38250.73701052005
1739534400,199.62,201.99,196.5,200.79,29634.947822179987
1739548800,200.79,205.28,199.05,201.58,53001.96453001005
1739563200,201.75,202.27,198.2,199.45,27622.294389350005
1739577600,199.42,200.37,196.92,198.42,28777.35434582006
1739592000,198.43,198.85,195.37,195.95,14827.545589199992
1739606400,195.92,196.63,193.94,194.84,10796.991871930008
1739620800,194.83,196.0,193.5,194.67,12607.55359995999
1739635200,194.59,195.01,193.37,194.24,12470.551182100013
1739649600,194.25,195.0,192.63,194.42,11173.579308369966
1739664000,194.42,195.4,193.21,194.67,28448.232408430016
1739678400,194.67,196.23,192.4,192.89,12447.808791400004
1739692800,192.89,193.9,192.26,193.76,7008.728363919989
1739707200,193.81,193.81,189.43,190.41,21964.612490299998
1739721600,190.4,191.27,187.66,189.35,27596.457920239995
1739736000,189.35,189.82,186.0,188.32,21874.81761181002
1739750400,188.32,189.71,185.3,186.46,36069.160818790006
1739764800,186.45,186.48,181.0,181.38,42828.054298629715
1739779200,181.38,185.42,180.98,184.27,38345.76131040015
1739793600,184.26,186.83,179.86,180.39,36306.41515692997
1739808000,180.38,181.37,174.6,177.09,101964.99270354028
1739822400,177.09,181.34,177.07,177.39,46270.43355853004
1739836800,177.52,179.0,175.55,177.99,22210.05545137001
1739851200,177.97,177.97,163.99,165.74,166926.89699277087
1739865600,165.68,170.85,163.11,168.69,64764.981569739735
1739880000,168.68,171.43,164.39,165.82,59253.995532739595
1739894400,165.83,167.0,160.8,165.15,127265.14623372156
1739908800,165.25,169.64,163.87,169.21,46457.154770130015
1739923200,169.21,170.75,166.66,167.41,35675.17948011974
1739937600,167.4,169.6,163.69,169.05,40807.80473998981
1739952000,169.0,174.21,168.35,173.87,66317.68505431002
1739966400,173.9,174.07,168.17,169.55,77700.06157072017
1739980800,169.73,173.4,168.15,168.68,35509.94408161992
1739995200,168.67,169.84,166.36,168.86,33877.93232016006
1740009600,168.9,172.85,167.69,172.41,28453.891378449967
1740024000,172.41,174.9,170.8,171.83,25404.504937509915
1740038400,171.76,175.15,170.94,174.03,25881.356831019973
1740052800,174.15,176.59,171.25,171.48,40049.50123392983
1740067200,171.48,175.5,171.28,175.06,32055.680633709973
1740081600,175.06,176.5,173.23,176.08,29757.350267780006
1740096000,176.08,176.45,173.03,173.27,17189.739641190023
1740110400,173.28,176.78,173.27,175.78,22531.71289356002
1740124800,175.87,180.22,175.85,177.21,23004.786250779995
1740139200,177.21,180.52,170.6,173.08,52047.049973399684
1740153600,173.2,175.66,168.31,168.35,69794.28650929022
1740168000,168.35,169.84,167.06,168.81,28899.328423099956
1740182400,168.81,172.69,168.03,170.31,16384.562850420025
1740196800,170.31,172.78,170.08,171.71,5789.7642540600045
1740211200,171.71,174.0,171.35,173.55,7119.183973249992
1740225600,173.64,174.65,172.67,174.2,11190.765684350026
1740240000,174.3,174.67,172.33,172.6,10712.566472599992
1740254400,172.65,173.54,172.0,172.06,8319.311635480002
1740268800,172.08,172.29,170.25,170.55,8040.98436296
1740283200,170.55,173.05,170.05,172.88,13271.380819630018
1740297600,172.9,172.9,169.44,169.65,20581.56488578001
1740312000,169.59,169.89,166.6,166.83,22056.865625780003
1740326400,166.83,168.7,166.83,167.76,17031.706114330045
1740340800,167.76,168.92,166.54,167.99,12349.877771480093
1740355200,167.99,169.71,160.57,161.14,70565.64682547974
1740369600,161.13,161.75,157.31,161.12,41053.403177199725
1740384000,161.13,161.13,155.55,159.29,39838.59444708994
1740398400,159.28,160.3,150.7,152.66,106962.04475388017
1740412800,152.67,155.12,147.89,150.06,92603.05985462
1740427200,150.1,152.57,137.68,141.85,157047.28572037004
1740441600,141.83,144.35,138.13,138.76,103213.87227679041
1740456000,138.76,141.66,133.1,136.25,97679.19207173956
1740470400,136.24,141.25,131.79,141.14,93678.672682841
1740484800,141.22,141.69,134.45,138.66,101757.88473827956
1740499200,138.72,145.27,137.81,145.11,102916.3607535702
1740513600,145.26,146.83,143.12,144.13,48947.92772955006
1740528000,144.13,145.01,141.55,143.15,27154.59271582001
1740542400,143.15,144.46,139.58,140.2,32192.11981579002
1740556800,140.08,141.98,138.0,138.06,20369.479987610004
1740571200,138.05,140.19,134.51,139.08,72276.23424283987
1740585600,139.13,139.61,129.71,131.75,142686.31571082995
1740600000,131.75,137.57,130.49,135.09,72045.42416579991
1740614400,135.15,138.83,134.89,138.45,40130.270915480025
1740628800,138.41,142.62,136.92,140.86,38836.46911127982
1740643200,140.86,142.26,139.25,140.31,50366.066295719735
1740657600,140.32,141.06,136.19,139.56,54344.24543320975
1740672000,139.55,139.96,135.55,136.07,52509.54684180001
1740686400,136.05,137.96,134.57,137.54,29715.421972189983
1740700800,137.54,137.74,127.14,127.32,115147.4601680193
1740715200,127.47,129.45,125.38,128.37,113952.96281786864
1740729600,128.39,134.56,127.78,133.29,46773.02597747014
1740744000,133.46,147.66,132.96,145.48,175572.97597554902
1740758400,145.62,147.1,143.74,146.32,42119.130302659905
1740772800,146.31,148.5,144.6,148.08,40810.17311816
1740787200,148.11,151.09,145.57,145.7,42741.35555286001
1740801600,145.68,146.98,142.2,142.5,25907.846877960073
1740816000,142.4,144.13,139.61,140.24,25966.69296020002
1740830400,140.32,141.6,138.54,140.44,25249.74110279002
1740844800,140.38,141.28,138.67,140.46,21283.603842699922
1740859200,140.46,143.78,139.84,143.64,21508.143811349997
1740873600,143.64,145.87,142.72,143.77,25442.405536870094
1740888000,143.78,144.94,142.19,143.7,12212.247705079984
1740902400,143.71,144.72,142.43,143.45,19033.829657569997
1740916800,143.43,163.34,140.11,157.38,136251.53159923013
1740931200,157.55,180.0,157.55,172.46,515011.7551615796
1740945600,172.22,179.14,171.77,178.7,120580.31782108075
1740960000,178.78,179.34,168.19,169.83,79660.33317861984
1740974400,169.84,170.39,159.94,162.38,60750.73741275002
1740988800,162.24,163.18,156.96,161.14,44815.39866555011
1741003200,161.11,166.98,154.14,157.59,80082.12275890008
1741017600,157.69,159.47,140.1,141.64,148314.57222425062
1741032000,141.62,144.75,139.15,142.0,76676.20955634979
1741046400,142.0,144.86,132.48,136.33,117700.46735666995
1741060800,136.33,139.37,135.68,135.85,37866.28640086005
1741075200,135.85,138.36,134.66,136.98,26249.810899809945
1741089600,136.98,143.24,132.67,138.46,107293.59452509038
1741104000,138.46,144.67,130.49,143.16,130768.8264256297
1741118400,143.18,146.84,141.59,144.77,167740.22228380005
1741132800,144.75,145.53,141.68,141.78,92686.56329561054
1741147200,141.79,144.06,140.79,142.94,21246.60241473005
1741161600,142.94,149.66,142.75,147.12,88582.36974973005
1741176000,147.18,149.28,140.4,141.59,109967.66277735036
1741190400,141.63,146.28,140.18,144.84,47510.31507814993
1741204800,144.76,146.69,144.0,146.31,26490.982307460024
1741219200,146.31,150.59,144.61,148.64,48259.63739335998
1741233600,148.64,150.61,147.77,148.71,31412.455998520174
1741248000,148.7,152.84,148.36,151.71,43466.39091981012
1741262400,151.75,151.76,145.15,148.98,108076.36358241034
1741276800,148.98,149.25,142.5,143.55,63778.89101788995
1741291200,143.52,145.91,143.28,143.29,24784.930793530017
1741305600,143.29,145.41,135.17,140.81,68482.83022816994
1741320000,140.82,144.52,140.63,144.33,27300.668480220007
1741334400,144.33,146.1,142.71,143.53,51026.51949327003
1741348800,143.54,148.21,141.78,144.81,65871.36641867978
1741363200,144.81,150.79,141.3,146.32,94793.24869538027
1741377600,146.27,147.43,137.51,139.33,72919.27250369973
1741392000,139.34,141.0,137.81,139.65,32870.08776574
1741406400,139.61,140.88,138.31,138.74,25104.541942990134
1741420800,138.74,139.14,136.69,137.35,27434.11603637005
1741435200,137.43,138.64,136.15,137.21,21920.878356529982
1741449600,137.15,138.76,135.36,138.38,31765.47567215997
1741464000,138.4,138.51,136.35,136.95,25499.304303929905
1741478400,136.96,138.38,136.5,137.87,5082.963446530003
1741492800,137.87,139.76,137.64,139.63,52224.08884462997
1741507200,139.63,139.66,135.66,136.27,32131.238222700074
1741521600,136.26,136.27,130.0,130.19,59646.25582104005
1741536000,130.18,131.49,125.75,129.12,81097.91235580987
1741550400,129.17,130.51,125.5,126.45,55541.95569013012
1741564800,126.45,129.09,124.11,126.6,41102.856554920174
1741579200,126.6,129.1,126.51,128.0,23990.70195426003
1741593600,128.0,131.41,126.0,129.91,50232.704913060166
1741608000,129.98,130.75,120.27,121.87,96989.74148205969
1741622400,121.91,122.21,115.44,119.7,227996.84137455092
1741636800,119.62,120.09,117.58,118.23,31444.171061220055
1741651200,118.23,121.69,112.07,119.98,95664.49024295968
1741665600,119.92,123.9,119.84,123.01,44063.35177189
1741680000,123.11,125.84,123.01,124.71,43509.46780455996
1741694400,124.71,126.07,118.58,125.01,90641.00071968025
1741708800,124.98,128.35,122.86,128.29,75856.35444772989
1741723200,128.15,128.15,125.11,125.32,36210.293097759975
1741737600,125.34,127.02,122.5,122.5,15628.909299930021
1741752000,122.54,123.43,121.3,123.17,29008.009945890004
1741766400,123.16,126.75,122.9,126.75,25114.765484199987
1741780800,126.74,131.33,123.1,124.56,106480.70809057009
1741795200,124.55,126.26,123.25,125.1,38458.765778350025
1741809600,125.1,127.03,123.94,126.65,22948.930245179996
1741824000,126.6,127.31,124.82,124.9,12832.617297420016
1741838400,124.95,125.31,123.06,124.22,7656.167312670024
1741852800,124.24,127.99,123.78,126.81,23995.17050532002
1741867200,126.82,128.69,123.67,124.22,50115.85634903007
1741881600,124.31,124.38,121.1,121.36,50563.31678341991
1741896000,121.35,124.19,120.81,123.33,15100.41947122001
1741910400,123.31,125.33,123.0,124.43,9345.295630299994
1741924800,124.43,125.47,124.38,124.69,8236.674039879994
1741939200,124.68,126.45,124.67,126.17,30793.262718330032
1741953600,126.16,133.56,125.45,132.13,107852.01735695994
1741968000,132.13,134.71,130.95,134.44,39982.13013516988
1741982400,134.34,136.08,132.33,133.6,39442.006842350005
1741996800,133.56,135.22,132.97,135.14,11383.926332550005
1742011200,135.03,135.48,132.78,132.84,15778.338658679966
1742025600,132.85,133.6,132.55,133.38,11334.439007080004
1742040000,133.35,135.8,133.16,135.1,24060.279731330018
1742054400,135.14,136.51,133.64,134.5,17486.74322779007
1742068800,134.5,136.51,134.45,135.87,9128.769677959988
1742083200,135.87,136.62,134.21,135.48,11624.615167620012
1742097600,135.5,136.13,133.9,134.67,10100.159755690009
1742112000,134.66,134.95,129.79,129.86,25791.57326494001
1742126400,130.0,130.83,127.55,128.81,40432.864735339834
1742140800,128.81,131.2,126.14,126.82,45347.53548233003
1742155200,126.93,127.71,125.22,126.03,45233.952938539784
1742169600,126.11,129.11,126.0,129.08,14578.889887579977
1742184000,128.99,129.51,126.61,129.16,12862.331416220013
1742198400,129.28,129.62,128.5,129.22,12093.796274319993
1742212800,129.2,130.13,125.57,127.47,62989.342886539824
1742227200,127.46,130.54,126.76,129.79,30558.582058410022
1742241600,129.8,129.93,127.75,128.01,16971.637083130012
1742256000,128.02,128.05,123.56,124.12,39708.032076679985
1742270400,124.14,125.26,123.3,125.18,19376.149725020037
1742284800,125.18,125.93,123.27,123.54,17563.934251650036
1742299200,123.53,123.87,121.8,122.52,57099.22362634018
1742313600,122.52,124.42,122.48,124.15,34530.81434542001
1742328000,124.21,125.58,123.52,125.38,20092.59825966005
1742342400,125.32,126.62,124.2,126.46,14124.411735820031
1742356800,126.46,126.83,125.37,125.69,7278.533408090012
1742371200,125.72,129.48,125.7,128.71,46119.674304150045
1742385600,128.71,132.67,126.97,132.35,73008.65570138971
1742400000,132.34,134.41,128.27,132.97,93153.27758724058
1742414400,133.1,136.0,133.01,135.42,65885.02280807016
1742428800,135.42,136.0,132.83,133.96,36768.098676920155
1742443200,133.96,134.91,132.81,134.1,15612.957744400199
1742457600,134.03,134.48,130.38,130.57,37593.141418080086
1742472000,130.59,132.22,128.52,128.92,107737.49125311029
1742486400,128.89,129.28,126.59,127.87,41436.66925056006
1742500800,127.8,128.41,127.15,127.47,19620.88521800003
1742515200,127.47,129.01,127.35,127.91,7607.90026339001
1742529600,127.88,128.61,127.37,128.06,5265.79154552
1742544000,128.01,128.98,125.75,126.44,23999.29187360002
1742558400,126.33,127.61,125.41,125.94,37087.26212917999
1742572800,125.93,129.56,124.81,128.19,74960.23534144052
1742587200,128.21,130.09,127.59,128.42,18378.47768653004
1742601600,128.42,129.23,127.83,128.81,10205.20331729002
1742616000,128.83,129.55,128.57,128.74,12440.15694660002
1742630400,128.75,131.69,128.75,130.23,14893.350986330064
1742644800,130.37,130.45,128.59,129.24,11853.387713899972
1742659200,129.21,130.18,128.9,129.97,9610.319138510009
1742673600,129.91,130.03,128.1,128.51,8115.502057859994
1742688000,128.49,130.71,128.25,130.71,3592.5323667699927
1742702400,130.72,131.33,129.7,131.18,16602.729529150045
1742716800,131.18,133.88,130.9,133.0,22871.244330950016
1742731200,133.0,133.8,132.26,132.49,34292.51358812996
1742745600,132.49,132.67,130.37,130.56,16455.546710030012
1742760000,130.56,132.84,130.22,132.83,10177.541542970006
1742774400,132.84,138.36,132.08,138.19,58369.33715832991
1742788800,138.15,139.25,137.83,138.92,18010.773747710035
1742803200,138.91,144.02,138.6,143.35,60110.76269819002
1742817600,143.45,144.92,142.3,143.32,44872.41098354991
1742832000,143.32,143.4,141.29,142.86,25094.21040544
1742846400,142.85,143.53,139.77,141.02,30237.409657660006
1742860800,141.01,142.29,138.22,138.62,26647.76120047005
1742875200,138.59,140.3,138.2,139.45,16580.49566740003
1742889600,139.45,143.33,139.45,142.22,20155.177823909988
1742904000,142.22,147.43,141.21,145.36,68740.55951102005
1742918400,145.3,146.24,143.7,145.11,49883.34448369007
1742932800,145.12,146.02,142.55,143.63,28092.76132387006
1742947200,143.69,144.51,141.67,141.8,9064.942929379982
1742961600,141.8,144.85,141.74,144.51,10637.366657500022
1742976000,144.54,145.43,143.87,144.6,16983.20447446002
1742990400,144.66,145.05,138.97,139.31,79567.190001
1743004800,139.35,140.14,136.25,137.51,38990.80433302004
1743019200,137.5,138.55,136.0,137.36,23081.945356769935
1743033600,137.36,140.14,136.87,139.77,17389.769900470037
1743048000,139.95,139.98,137.91,138.91,13582.925496240003
1743062400,138.92,139.24,137.17,137.41,25243.589147529972
1743076800,137.27,139.7,135.63,137.79,31693.27259140996
1743091200,137.78,139.65,137.4,138.99,19765.28026684004
1743105600,139.09,139.93,138.13,138.43,9572.523093529986
1743120000,138.43,138.96,136.12,136.76,23169.736626709953
1743134400,136.76,137.21,131.42,131.65,57600.74413850999
1743148800,131.65,132.62,130.39,131.99,32558.060809559967
1743163200,131.82,132.32,129.09,129.82,104903.36296798999
1743177600,129.84,130.23,129.03,129.33,33634.81944656003
1743192000,129.32,130.31,127.66,129.38,24494.652536599977
1743206400,129.38,130.41,126.64,128.77,14012.70632606999
1743220800,128.77,128.94,125.49,126.3,15361.767314139963
1743235200,126.31,127.03,124.34,125.23,25867.516757820045
1743249600,125.23,126.72,124.98,126.24,29994.295499489974
1743264000,126.25,126.63,123.7,125.13,41060.06005360002
1743278400,125.17,125.28,122.66,124.49,23853.354549690008
1743292800,124.51,126.57,123.5,125.64,14501.344100080012
1743307200,125.64,126.46,125.19,125.43,4829.253389719999
1743321600,125.46,126.4,124.62,124.95,9472.839309190003
1743336000,125.05,125.48,123.24,124.78,27949.039740900073
1743350400,124.88,127.06,123.07,125.85,22906.27559887001
1743364800,125.86,126.3,123.21,124.78,14170.95683309001
1743379200,124.78,127.49,122.72,124.56,48659.17556967005
1743393600,124.59,126.93,124.31,125.67,34835.494697259994
1743408000,125.81,126.63,123.03,124.24,38168.47184209992
1743422400,124.13,127.74,123.25,126.77,72441.60998737991
1743436800,126.77,127.33,123.9,125.27,80756.86490095824
1743451200,125.2,126.22,124.6,124.6,22803.768998430045
